,ticker,time,mid_o,mid_h,mid_l,mid_c,ask_c,RANGE,mid_h_prev,mid_l_prev,RANGE_prev,DIRECTION,DIRECTION_prev,SIGNAL,ENTRY,STOPLOSS,TAKEPROFIT
11,USD_JPY,2020-01-05T22:00:00.000000000Z,107.879,108.122,107.772,107.948,107.954,0.3499999999999943,108.126,107.842,0.284000000000006,1,1,1,108.15440000000001,108.0124,108.35320000000002
17,USD_JPY,2020-01-06T22:00:00.000000000Z,108.353,108.461,108.33,108.434,108.439,0.13100000000000023,108.506,108.342,0.16400000000000148,1,1,1,108.5224,108.4404,108.6372
19,USD_JPY,2020-01-07T06:00:00.000000000Z,108.438,108.5,108.262,108.468,108.475,0.23799999999999955,108.506,108.423,0.08299999999999841,1,1,1,108.5143,108.4728,108.5724
34,USD_JPY,2020-01-09T18:00:00.000000000Z,109.51,109.538,109.392,109.524,109.532,0.1460000000000008,109.58,109.429,0.15099999999999625,1,1,1,109.5951,109.5196,109.7008
62,USD_JPY,2020-01-16T10:00:00.000000000Z,110.002,110.054,109.929,110.013,110.019,0.125,110.066,109.932,0.13400000000000034,1,1,1,110.0794,110.0124,110.17320000000001
75,USD_JPY,2020-01-20T14:00:00.000000000Z,110.184,110.192,110.136,110.182,110.189,0.055999999999997385,110.2,110.158,0.04200000000000159,-1,1,1,110.2042,110.1832,110.23360000000001
127,USD_JPY,2020-01-31T06:00:00.000000000Z,109.074,109.086,108.925,108.97,108.977,0.16100000000000136,109.127,109.026,0.10099999999999909,-1,1,1,109.13709999999999,109.08659999999999,109.20779999999999
137,USD_JPY,2020-02-03T22:00:00.000000000Z,108.688,108.716,108.55,108.701,108.707,0.16599999999999682,108.745,108.59,0.15500000000000114,1,1,1,108.76050000000001,108.683,108.869
143,USD_JPY,2020-02-04T22:00:00.000000000Z,109.524,109.524,109.368,109.486,109.492,0.1560000000000059,109.546,109.43,0.11599999999999966,-1,1,1,109.55760000000001,109.4996,109.6388
151,USD_JPY,2020-02-06T06:00:00.000000000Z,109.908,109.97,109.794,109.85,109.857,0.17600000000000193,109.982,109.833,0.1490000000000009,-1,1,1,109.9969,109.9224,110.1012
165,USD_JPY,2020-02-10T14:00:00.000000000Z,109.742,109.8,109.642,109.688,109.694,0.15800000000000125,109.814,109.704,0.10999999999999943,-1,1,1,109.82499999999999,109.77,109.90199999999999
172,USD_JPY,2020-02-11T18:00:00.000000000Z,109.814,109.838,109.728,109.789,109.795,0.10999999999999943,109.966,109.748,0.2179999999999893,-1,1,1,109.9878,109.8788,110.14039999999999
179,USD_JPY,2020-02-12T22:00:00.000000000Z,110.089,110.094,109.803,109.948,109.953,0.2909999999999968,110.119,109.99,0.1290000000000049,-1,1,1,110.1319,110.06739999999999,110.2222
196,USD_JPY,2020-02-17T18:00:00.000000000Z,109.925,109.95,109.859,109.88,109.897,0.09100000000000819,109.961,109.864,0.0969999999999942,-1,1,1,109.9707,109.9222,110.03859999999999
209,USD_JPY,2020-02-19T22:00:00.000000000Z,111.36,111.367,111.112,111.246,111.253,0.25500000000000966,111.594,111.228,0.36599999999999966,-1,1,1,111.63059999999999,111.4476,111.8868
219,USD_JPY,2020-02-21T14:00:00.000000000Z,111.844,111.938,111.474,111.663,111.669,0.46399999999999864,112.032,111.698,0.3340000000000032,-1,1,1,112.0654,111.8984,112.2992
231,USD_JPY,2020-02-25T14:00:00.000000000Z,110.604,110.618,110.004,110.028,110.034,0.6139999999999901,110.714,110.35,0.3640000000000043,-1,1,1,110.7504,110.5684,111.0052
235,USD_JPY,2020-02-26T06:00:00.000000000Z,110.373,110.524,110.13,110.301,110.307,0.39400000000000546,110.578,110.173,0.40500000000000114,-1,1,1,110.6185,110.416,110.902
244,USD_JPY,2020-02-27T18:00:00.000000000Z,110.174,110.229,109.568,109.589,109.606,0.6610000000000014,110.348,109.695,0.6530000000000058,-1,1,1,110.41329999999999,110.0868,110.8704
260,USD_JPY,2020-03-03T10:00:00.000000000Z,107.976,108.075,107.595,107.754,107.76,0.480000000000004,108.138,107.693,0.4450000000000074,-1,1,1,108.1825,107.96000000000001,108.49400000000001
267,USD_JPY,2020-03-04T14:00:00.000000000Z,107.476,107.544,107.151,107.424,107.431,0.3930000000000007,107.665,107.417,0.24800000000000466,-1,1,1,107.6898,107.56580000000001,107.86340000000001
298,USD_JPY,2020-03-11T17:00:00.000000000Z,104.97,104.986,104.23,104.533,104.583,0.7560000000000002,105.134,104.42,0.7139999999999986,-1,1,1,105.2054,104.8484,105.7052
300,USD_JPY,2020-03-12T01:00:00.000000000Z,104.602,104.724,103.084,104.026,104.036,1.6400000000000006,104.807,104.323,0.48400000000000887,-1,1,1,104.8554,104.6134,105.19420000000001
311,USD_JPY,2020-03-15T21:00:00.000000000Z,107.062,107.371,105.728,106.918,106.932,1.6430000000000007,108.51,107.388,1.1219999999999999,-1,1,1,108.6222,108.0612,109.4076
323,USD_JPY,2020-03-17T21:00:00.000000000Z,107.684,107.719,107.219,107.382,107.392,0.5,107.864,107.232,0.632000000000005,-1,1,1,107.9272,107.6112,108.3696
331,USD_JPY,2020-03-19T05:00:00.000000000Z,109.073,109.241,108.456,108.914,108.925,0.7849999999999966,109.554,108.59,0.9639999999999986,-1,1,1,109.6504,109.1684,110.3252
336,USD_JPY,2020-03-20T01:00:00.000000000Z,111.148,111.202,109.928,109.946,109.959,1.274000000000001,111.366,110.682,0.6839999999999975,-1,1,1,111.4344,111.0924,111.9132
347,USD_JPY,2020-03-23T21:00:00.000000000Z,111.242,111.332,110.447,110.458,110.468,0.8849999999999909,111.572,111.125,0.44700000000000273,-1,1,1,111.61670000000001,111.39320000000001,111.92960000000001
358,USD_JPY,2020-03-25T17:00:00.000000000Z,111.423,111.517,111.088,111.208,111.224,0.42900000000000205,111.682,111.344,0.33800000000000807,-1,1,1,111.7158,111.5468,111.95240000000001
371,USD_JPY,2020-03-29T21:00:00.000000000Z,107.725,107.976,107.368,107.514,107.525,0.6080000000000041,108.178,107.758,0.4200000000000017,-1,1,1,108.22,108.00999999999999,108.514
385,USD_JPY,2020-04-01T05:00:00.000000000Z,107.762,107.815,107.286,107.476,107.486,0.5289999999999964,107.941,107.43,0.5109999999999957,-1,1,1,107.99210000000001,107.73660000000001,108.3498
391,USD_JPY,2020-04-02T05:00:00.000000000Z,107.484,107.484,107.146,107.309,107.317,0.33799999999999386,107.572,107.296,0.27599999999999625,-1,1,1,107.59960000000001,107.4616,107.7928
396,USD_JPY,2020-04-03T01:00:00.000000000Z,108.066,108.122,107.802,107.979,107.987,0.3199999999999932,108.201,107.832,0.3689999999999998,-1,1,1,108.2379,108.0534,108.49619999999999
404,USD_JPY,2020-04-06T09:00:00.000000000Z,109.19,109.27,108.844,109.04,109.047,0.42600000000000193,109.383,108.858,0.5249999999999915,-1,1,1,109.43549999999999,109.173,109.80299999999998
426,USD_JPY,2020-04-10T01:00:00.000000000Z,108.565,108.565,108.327,108.432,108.448,0.23799999999999955,108.59,108.394,0.19599999999999795,-1,1,1,108.6096,108.5116,108.74680000000001
429,USD_JPY,2020-04-10T13:00:00.000000000Z,108.462,108.478,108.354,108.376,108.399,0.12399999999999523,108.481,108.37,0.11099999999999,-1,1,1,108.4921,108.4366,108.56979999999999
443,USD_JPY,2020-04-14T21:00:00.000000000Z,107.218,107.218,106.926,107.124,107.132,0.2920000000000016,107.236,106.983,0.2530000000000001,-1,1,1,107.2613,107.1348,107.4384
451,USD_JPY,2020-04-16T05:00:00.000000000Z,107.93,107.978,107.695,107.709,107.716,0.28300000000000125,108.084,107.698,0.3860000000000099,-1,1,1,108.1226,107.9296,108.39280000000001
468,USD_JPY,2020-04-21T01:00:00.000000000Z,107.738,107.772,107.484,107.526,107.533,0.2880000000000109,107.794,107.602,0.19199999999999307,-1,1,1,107.8132,107.7172,107.9476
474,USD_JPY,2020-04-22T01:00:00.000000000Z,107.824,107.838,107.57,107.624,107.633,0.2680000000000007,107.87,107.679,0.1910000000000025,-1,1,1,107.8891,107.7936,108.0228
478,USD_JPY,2020-04-22T17:00:00.000000000Z,107.813,107.828,107.698,107.746,107.758,0.13000000000000966,107.938,107.717,0.22100000000000364,-1,1,1,107.9601,107.8496,108.1148
480,USD_JPY,2020-04-23T01:00:00.000000000Z,107.785,107.821,107.708,107.782,107.788,0.11299999999999955,107.866,107.726,0.14000000000000057,-1,1,1,107.88,107.81,107.978
488,USD_JPY,2020-04-24T09:00:00.000000000Z,107.694,107.724,107.568,107.607,107.614,0.1560000000000059,107.738,107.598,0.14000000000000057,-1,1,1,107.752,107.682,107.85
510,USD_JPY,2020-04-30T01:00:00.000000000Z,106.785,106.819,106.458,106.525,106.533,0.3610000000000042,106.877,106.574,0.30299999999999727,-1,1,1,106.90729999999999,106.7558,107.1194
536,USD_JPY,2020-05-06T09:00:00.000000000Z,106.364,106.374,106.064,106.183,106.19,0.3100000000000023,106.436,106.239,0.19700000000000273,-1,1,1,106.45570000000001,106.3572,106.59360000000001
546,USD_JPY,2020-05-08T01:00:00.000000000Z,106.321,106.447,106.222,106.428,106.441,0.22500000000000853,106.459,106.267,0.19200000000000728,1,1,1,106.4782,106.3822,106.61260000000001
560,USD_JPY,2020-05-12T09:00:00.000000000Z,107.548,107.564,107.306,107.432,107.438,0.25799999999999557,107.634,107.364,0.269999999999996,-1,1,1,107.661,107.526,107.85
565,USD_JPY,2020-05-13T05:00:00.000000000Z,107.172,107.22,106.966,107.053,107.06,0.2540000000000049,107.269,107.131,0.13800000000000523,-1,1,1,107.28280000000001,107.2138,107.3794
571,USD_JPY,2020-05-14T05:00:00.000000000Z,106.898,106.903,106.776,106.836,106.844,0.12700000000000955,106.952,106.845,0.10699999999999932,-1,1,1,106.9627,106.9092,107.0376
576,USD_JPY,2020-05-15T01:00:00.000000000Z,107.374,107.38,107.188,107.219,107.226,0.19199999999999307,107.434,107.219,0.2150000000000034,-1,1,1,107.4555,107.348,107.606
582,USD_JPY,2020-05-18T01:00:00.000000000Z,107.196,107.212,107.069,107.131,107.138,0.14300000000000068,107.286,107.092,0.19400000000000261,-1,1,1,107.3054,107.2084,107.44120000000001
606,USD_JPY,2020-05-22T01:00:00.000000000Z,107.725,107.725,107.414,107.434,107.44,0.31099999999999284,107.762,107.582,0.18000000000000682,-1,1,1,107.78,107.69,107.906
619,USD_JPY,2020-05-26T05:00:00.000000000Z,107.833,107.899,107.727,107.738,107.744,0.17199999999999704,107.924,107.743,0.1810000000000116,-1,1,1,107.94210000000001,107.8516,108.06880000000001
632,USD_JPY,2020-05-28T09:00:00.000000000Z,107.821,107.821,107.696,107.762,107.769,0.125,107.892,107.782,0.10999999999999943,-1,1,1,107.90299999999999,107.848,107.97999999999999
641,USD_JPY,2020-05-31T21:00:00.000000000Z,107.821,107.856,107.646,107.769,107.776,0.20999999999999375,107.894,107.748,0.1460000000000008,-1,1,1,107.9086,107.8356,108.0108
654,USD_JPY,2020-06-03T01:00:00.000000000Z,108.7,108.7,108.424,108.516,108.522,0.27599999999999625,108.852,108.58,0.27200000000000557,-1,1,1,108.8792,108.7432,109.06960000000001
662,USD_JPY,2020-06-04T09:00:00.000000000Z,109.059,109.076,108.618,108.722,108.729,0.4579999999999984,109.164,109.006,0.15800000000000125,-1,1,1,109.1798,109.1008,109.2904
674,USD_JPY,2020-06-08T09:00:00.000000000Z,109.492,109.514,109.199,109.234,109.241,0.3149999999999977,109.586,109.41,0.17600000000000193,-1,1,1,109.6036,109.51559999999999,109.7268
681,USD_JPY,2020-06-09T13:00:00.000000000Z,107.917,108.002,107.622,107.718,107.726,0.37999999999999545,108.248,107.814,0.4340000000000117,-1,1,1,108.29140000000001,108.0744,108.59520000000002
684,USD_JPY,2020-06-10T01:00:00.000000000Z,107.782,107.792,107.526,107.55,107.556,0.26600000000000534,107.874,107.713,0.16100000000000136,-1,1,1,107.89009999999999,107.80959999999999,108.0028
687,USD_JPY,2020-06-10T13:00:00.000000000Z,107.341,107.368,107.163,107.226,107.233,0.2049999999999983,107.452,107.261,0.1910000000000025,-1,1,1,107.47109999999999,107.37559999999999,107.6048
693,USD_JPY,2020-06-11T13:00:00.000000000Z,106.86,106.977,106.573,106.677,106.685,0.4040000000000106,107.139,106.806,0.3329999999999984,-1,1,1,107.17229999999999,107.0058,107.4054
695,USD_JPY,2020-06-11T21:00:00.000000000Z,106.88,106.885,106.587,106.669,106.677,0.2980000000000018,106.92,106.676,0.24399999999999977,-1,1,1,106.9444,106.8224,107.1152
699,USD_JPY,2020-06-12T13:00:00.000000000Z,107.394,107.508,107.22,107.499,107.506,0.2879999999999967,107.556,107.221,0.33499999999999375,1,1,1,107.5895,107.422,107.824
728,USD_JPY,2020-06-19T09:00:00.000000000Z,106.929,106.976,106.768,106.869,106.876,0.2079999999999984,107.0,106.793,0.20699999999999363,-1,1,1,107.0207,106.91720000000001,107.1656
731,USD_JPY,2020-06-21T21:00:00.000000000Z,106.773,106.906,106.769,106.822,106.83,0.13700000000000045,106.919,106.796,0.12299999999999045,1,1,1,106.9313,106.8698,107.0174
753,USD_JPY,2020-06-25T13:00:00.000000000Z,107.3,107.328,107.134,107.188,107.194,0.19400000000000261,107.452,107.17,0.2819999999999965,-1,1,1,107.4802,107.3392,107.6776
769,USD_JPY,2020-06-30T05:00:00.000000000Z,107.719,107.782,107.64,107.688,107.694,0.1419999999999959,107.79,107.672,0.11800000000000921,-1,1,1,107.80180000000001,107.7428,107.88440000000001
774,USD_JPY,2020-07-01T01:00:00.000000000Z,108.09,108.09,107.589,107.659,107.666,0.5010000000000048,108.165,107.912,0.2530000000000001,-1,1,1,108.19030000000001,108.0638,108.3674
787,USD_JPY,2020-07-03T05:00:00.000000000Z,107.517,107.537,107.448,107.465,107.471,0.08900000000001285,107.57,107.472,0.09799999999999898,-1,1,1,107.57979999999999,107.5308,107.6484
821,USD_JPY,2020-07-12T21:00:00.000000000Z,106.94,106.946,106.84,106.855,106.862,0.10599999999999454,106.951,106.89,0.06099999999999284,-1,1,1,106.9571,106.9266,106.9998
831,USD_JPY,2020-07-14T13:00:00.000000000Z,107.354,107.374,107.188,107.197,107.203,0.18599999999999284,107.434,107.304,0.12999999999999545,-1,1,1,107.447,107.382,107.538
849,USD_JPY,2020-07-17T13:00:00.000000000Z,107.242,107.266,107.005,107.028,107.034,0.2610000000000099,107.282,107.119,0.1629999999999967,-1,1,1,107.2983,107.21679999999999,107.41239999999999
857,USD_JPY,2020-07-20T21:00:00.000000000Z,107.234,107.276,107.13,107.206,107.213,0.1460000000000008,107.336,107.264,0.07200000000000273,-1,1,1,107.3432,107.3072,107.3936
864,USD_JPY,2020-07-22T01:00:00.000000000Z,106.835,106.875,106.712,106.869,106.875,0.1629999999999967,106.892,106.761,0.13100000000000023,1,1,1,106.90509999999999,106.83959999999999,106.9968
887,USD_JPY,2020-07-27T21:00:00.000000000Z,105.398,105.433,105.221,105.328,105.336,0.2120000000000033,105.452,105.272,0.1799999999999926,-1,1,1,105.47,105.38,105.59599999999999
893,USD_JPY,2020-07-28T21:00:00.000000000Z,105.088,105.156,104.958,105.128,105.136,0.1980000000000075,105.188,104.995,0.19299999999999784,1,1,1,105.2073,105.1108,105.3424
921,USD_JPY,2020-08-04T13:00:00.000000000Z,106.168,106.18,105.728,105.754,105.76,0.4520000000000124,106.196,105.877,0.3190000000000026,-1,1,1,106.2279,106.0684,106.4512
929,USD_JPY,2020-08-05T21:00:00.000000000Z,105.566,105.632,105.46,105.536,105.543,0.17200000000001125,105.677,105.478,0.19900000000001228,-1,1,1,105.69690000000001,105.59740000000001,105.83620000000002
945,USD_JPY,2020-08-10T13:00:00.000000000Z,105.998,106.002,105.71,105.852,105.858,0.2920000000000016,106.204,105.912,0.2919999999999874,-1,1,1,106.2332,106.0872,106.43759999999999
950,USD_JPY,2020-08-11T09:00:00.000000000Z,106.1,106.158,105.93,105.972,105.978,0.22799999999999443,106.241,106.057,0.1839999999999975,-1,1,1,106.2594,106.1674,106.3882
959,USD_JPY,2020-08-12T21:00:00.000000000Z,106.887,106.894,106.677,106.694,106.701,0.21699999999999875,106.918,106.78,0.13800000000000523,-1,1,1,106.93180000000001,106.86280000000001,107.0284
961,USD_JPY,2020-08-13T05:00:00.000000000Z,106.79,106.792,106.568,106.746,106.752,0.22400000000000375,106.793,106.604,0.18900000000000716,-1,1,1,106.81190000000001,106.7174,106.94420000000001
966,USD_JPY,2020-08-14T01:00:00.000000000Z,106.958,107.001,106.858,106.879,106.885,0.14300000000000068,107.041,106.903,0.13799999999999102,-1,1,1,107.0548,106.9858,107.1514
973,USD_JPY,2020-08-17T05:00:00.000000000Z,106.595,106.617,106.402,106.482,106.488,0.2150000000000034,106.62,106.46,0.1600000000000108,-1,1,1,106.63600000000001,106.556,106.74800000000002
1008,USD_JPY,2020-08-25T01:00:00.000000000Z,105.997,106.044,105.873,105.988,105.995,0.17099999999999227,106.054,105.934,0.12000000000000455,-1,1,1,106.066,106.006,106.15
1017,USD_JPY,2020-08-26T13:00:00.000000000Z,106.401,106.428,106.0,106.007,106.013,0.42799999999999727,106.466,106.189,0.277000000000001,-1,1,1,106.49369999999999,106.3552,106.68759999999999
1027,USD_JPY,2020-08-28T05:00:00.000000000Z,106.703,106.738,105.848,105.862,105.869,0.8900000000000006,106.948,106.606,0.34199999999999875,-1,1,1,106.98219999999999,106.8112,107.2216
1049,USD_JPY,2020-09-02T21:00:00.000000000Z,106.186,106.265,106.075,106.23,106.237,0.18999999999999773,106.303,106.164,0.1389999999999958,1,1,1,106.3169,106.2474,106.4142
1053,USD_JPY,2020-09-03T13:00:00.000000000Z,106.389,106.438,106.024,106.109,106.116,0.4140000000000015,106.552,106.232,0.3200000000000074,-1,1,1,106.584,106.424,106.808
1073,USD_JPY,2020-09-08T21:00:00.000000000Z,106.026,106.052,105.83,105.984,105.991,0.2220000000000084,106.076,105.915,0.16099999999998715,-1,1,1,106.09209999999999,106.0116,106.20479999999998
1088,USD_JPY,2020-09-11T09:00:00.000000000Z,106.234,106.252,106.13,106.154,106.16,0.12199999999999989,106.266,106.151,0.1150000000000091,-1,1,1,106.2775,106.22,106.35800000000002
1090,USD_JPY,2020-09-11T17:00:00.000000000Z,106.161,106.2,106.058,106.168,106.19,0.1419999999999959,106.212,106.087,0.125,1,1,1,106.2245,106.162,106.312
1092,USD_JPY,2020-09-14T01:00:00.000000000Z,106.142,106.158,106.013,106.052,106.058,0.14499999999999602,106.166,106.093,0.07299999999999329,-1,1,1,106.1733,106.1368,106.22439999999999
1111,USD_JPY,2020-09-17T05:00:00.000000000Z,105.075,105.086,104.692,104.74,104.746,0.39400000000000546,105.175,105.008,0.1670000000000016,-1,1,1,105.1917,105.1082,105.3086
1117,USD_JPY,2020-09-18T05:00:00.000000000Z,104.804,104.828,104.409,104.475,104.482,0.41899999999999693,104.871,104.704,0.1670000000000016,-1,1,1,104.8877,104.8042,105.0046
1130,USD_JPY,2020-09-22T09:00:00.000000000Z,104.555,104.638,104.406,104.549,104.556,0.23199999999999932,104.736,104.507,0.2289999999999992,-1,1,1,104.75890000000001,104.6444,104.9192
1141,USD_JPY,2020-09-24T05:00:00.000000000Z,105.448,105.471,105.206,105.347,105.353,0.26500000000000057,105.478,105.358,0.11999999999999034,-1,1,1,105.49,105.42999999999999,105.57399999999998
1146,USD_JPY,2020-09-25T01:00:00.000000000Z,105.51,105.537,105.388,105.388,105.395,0.1490000000000009,105.542,105.394,0.14799999999999613,-1,1,1,105.5568,105.4828,105.6604
1169,USD_JPY,2020-09-30T21:00:00.000000000Z,105.543,105.547,105.404,105.504,105.51,0.14300000000000068,105.572,105.418,0.15399999999999636,-1,1,1,105.5874,105.5104,105.6952
1177,USD_JPY,2020-10-02T05:00:00.000000000Z,105.55,105.555,104.944,105.206,105.213,0.6110000000000042,105.667,105.532,0.13500000000000512,-1,1,1,105.6805,105.613,105.775
1208,USD_JPY,2020-10-09T09:00:00.000000000Z,105.865,105.952,105.826,105.857,105.863,0.12600000000000477,105.985,105.852,0.13299999999999557,-1,1,1,105.9983,105.9318,106.0914
1214,USD_JPY,2020-10-12T09:00:00.000000000Z,105.6,105.603,105.363,105.374,105.379,0.23999999999999488,105.616,105.435,0.18099999999999739,-1,1,1,105.6341,105.5436,105.7608
1222,USD_JPY,2020-10-13T17:00:00.000000000Z,105.542,105.556,105.449,105.482,105.506,0.10699999999999932,105.628,105.512,0.11599999999999966,-1,1,1,105.6396,105.5816,105.7208
1235,USD_JPY,2020-10-15T21:00:00.000000000Z,105.451,105.455,105.312,105.317,105.323,0.14300000000000068,105.494,105.362,0.132000000000005,-1,1,1,105.5072,105.4412,105.59960000000001
1261,USD_JPY,2020-10-22T05:00:00.000000000Z,104.71,104.714,104.476,104.678,104.684,0.23799999999999955,104.754,104.626,0.1280000000000001,-1,1,1,104.7668,104.70280000000001,104.85640000000001
1284,USD_JPY,2020-10-28T01:00:00.000000000Z,104.467,104.506,104.205,104.244,104.249,0.30100000000000193,104.558,104.408,0.15000000000000568,-1,1,1,104.57300000000001,104.498,104.67800000000001
1291,USD_JPY,2020-10-29T05:00:00.000000000Z,104.44,104.44,104.194,104.226,104.232,0.2459999999999951,104.506,104.314,0.19200000000000728,-1,1,1,104.5252,104.4292,104.65960000000001
1304,USD_JPY,2020-11-02T10:00:00.000000000Z,104.804,104.815,104.63,104.66,104.665,0.18500000000000227,104.95,104.692,0.2580000000000098,-1,1,1,104.9758,104.8468,105.1564
1308,USD_JPY,2020-11-03T02:00:00.000000000Z,104.738,104.748,104.655,104.716,104.722,0.09300000000000352,104.802,104.684,0.11800000000000921,-1,1,1,104.81380000000001,104.7548,104.89640000000001
1324,USD_JPY,2020-11-05T18:00:00.000000000Z,103.721,103.771,103.442,103.504,103.554,0.32900000000000773,103.847,103.566,0.2809999999999917,-1,1,1,103.87509999999999,103.7346,104.07179999999998
1326,USD_JPY,2020-11-06T02:00:00.000000000Z,103.616,103.666,103.36,103.538,103.544,0.3059999999999974,103.76,103.475,0.2850000000000108,-1,1,1,103.7885,103.646,103.98800000000001
1343,USD_JPY,2020-11-10T22:00:00.000000000Z,105.307,105.325,105.006,105.092,105.099,0.3190000000000026,105.346,105.228,0.11800000000000921,-1,1,1,105.3578,105.2988,105.44040000000001
1348,USD_JPY,2020-11-11T18:00:00.000000000Z,105.568,105.574,105.388,105.432,105.449,0.18599999999999284,105.677,105.452,0.22500000000000853,-1,1,1,105.6995,105.587,105.85700000000001
1358,USD_JPY,2020-11-13T10:00:00.000000000Z,105.022,105.074,104.676,104.741,104.747,0.39799999999999613,105.152,104.882,0.269999999999996,-1,1,1,105.179,105.044,105.368
1363,USD_JPY,2020-11-16T06:00:00.000000000Z,104.586,104.592,104.364,104.545,104.551,0.22799999999999443,104.598,104.485,0.11299999999999955,-1,1,1,104.6093,104.5528,104.6884
1365,USD_JPY,2020-11-16T14:00:00.000000000Z,104.844,104.868,104.517,104.538,104.545,0.3509999999999991,105.138,104.518,0.6200000000000045,-1,1,1,105.2,104.89,105.63400000000001
1377,USD_JPY,2020-11-18T14:00:00.000000000Z,103.964,103.964,103.653,103.828,103.834,0.31099999999999284,104.102,103.792,0.3100000000000023,-1,1,1,104.13300000000001,103.97800000000001,104.35000000000001
1380,USD_JPY,2020-11-19T02:00:00.000000000Z,103.854,103.856,103.719,103.774,103.781,0.13700000000000045,103.984,103.738,0.2459999999999951,-1,1,1,104.0086,103.8856,104.18079999999999
1391,USD_JPY,2020-11-22T22:00:00.000000000Z,103.798,103.864,103.716,103.752,103.758,0.14800000000001035,103.866,103.808,0.057999999999992724,-1,1,1,103.8718,103.8428,103.91239999999999
1394,USD_JPY,2020-11-23T10:00:00.000000000Z,103.794,103.802,103.683,103.72,103.726,0.11899999999999977,103.849,103.74,0.10900000000000887,-1,1,1,103.85990000000001,103.8054,103.93620000000001
1398,USD_JPY,2020-11-24T02:00:00.000000000Z,104.571,104.586,104.346,104.366,104.371,0.23999999999999488,104.648,104.451,0.19700000000000273,-1,1,1,104.6677,104.5692,104.8056
1407,USD_JPY,2020-11-25T14:00:00.000000000Z,104.406,104.448,104.256,104.339,104.345,0.19199999999999307,104.522,104.342,0.18000000000000682,-1,1,1,104.54,104.45,104.66600000000001
1411,USD_JPY,2020-11-26T06:00:00.000000000Z,104.356,104.358,104.222,104.265,104.273,0.1360000000000099,104.361,104.258,0.10300000000000864,-1,1,1,104.3713,104.3198,104.44340000000001
1415,USD_JPY,2020-11-26T22:00:00.000000000Z,104.266,104.282,104.003,104.03,104.036,0.27899999999999636,104.284,104.233,0.05100000000000193,-1,1,1,104.2891,104.26360000000001,104.32480000000001
1419,USD_JPY,2020-11-27T14:00:00.000000000Z,104.156,104.18,103.967,104.03,104.036,0.21300000000000807,104.215,104.011,0.20400000000000773,-1,1,1,104.2354,104.1334,104.3782
1427,USD_JPY,2020-11-30T22:00:00.000000000Z,104.3,104.38,104.248,104.354,104.361,0.1319999999999908,104.41,104.249,0.16100000000000136,1,1,1,104.42609999999999,104.34559999999999,104.5388
1429,USD_JPY,2020-12-01T06:00:00.000000000Z,104.376,104.391,104.182,104.282,104.288,0.20900000000000318,104.462,104.324,0.13800000000000523,-1,1,1,104.4758,104.4068,104.5724
1454,USD_JPY,2020-12-07T10:00:00.000000000Z,104.288,104.312,104.026,104.036,104.041,0.28600000000000136,104.313,104.072,0.24099999999999966,-1,1,1,104.3371,104.2166,104.50580000000001
1463,USD_JPY,2020-12-08T22:00:00.000000000Z,104.176,104.18,104.106,104.137,104.143,0.07400000000001228,104.184,104.118,0.0660000000000025,-1,1,1,104.1906,104.1576,104.2368
1472,USD_JPY,2020-12-10T10:00:00.000000000Z,104.461,104.564,104.316,104.372,104.377,0.24799999999999045,104.58,104.416,0.16400000000000148,-1,1,1,104.5964,104.5144,104.7112
1479,USD_JPY,2020-12-11T14:00:00.000000000Z,104.046,104.074,103.824,103.914,103.921,0.25,104.154,103.95,0.20399999999999352,-1,1,1,104.17439999999999,104.0724,104.31719999999999
1481,USD_JPY,2020-12-13T22:00:00.000000000Z,103.994,104.062,103.852,104.006,104.012,0.20999999999999375,104.102,103.91,0.19200000000000728,1,1,1,104.1212,104.0252,104.25560000000002
1483,USD_JPY,2020-12-14T06:00:00.000000000Z,104.033,104.034,103.748,103.754,103.76,0.28600000000000136,104.058,103.954,0.10400000000001342,-1,1,1,104.06840000000001,104.0164,104.14120000000001
1508,USD_JPY,2020-12-18T10:00:00.000000000Z,103.552,103.566,103.195,103.267,103.273,0.3710000000000093,103.596,103.308,0.2879999999999967,-1,1,1,103.62480000000001,103.4808,103.8264
1536,USD_JPY,2020-12-27T22:00:00.000000000Z,103.53,103.637,103.454,103.562,103.568,0.18300000000000693,103.691,103.684,0.007000000000005002,1,1,1,103.6917,103.6882,103.6966
1537,USD_JPY,2020-12-28T02:00:00.000000000Z,103.563,103.609,103.408,103.457,103.464,0.2009999999999934,103.637,103.454,0.18300000000000693,-1,1,1,103.6553,103.5638,103.7834
1556,USD_JPY,2020-12-31T06:00:00.000000000Z,103.137,103.191,102.996,103.016,103.023,0.1950000000000074,103.209,103.081,0.1280000000000001,-1,1,1,103.2218,103.15780000000001,103.3114
1560,USD_JPY,2021-01-03T22:00:00.000000000Z,103.12,103.317,102.998,103.058,103.065,0.3189999999999884,103.321,103.237,0.08400000000000318,-1,1,1,103.32939999999999,103.28739999999999,103.3882
1567,USD_JPY,2021-01-05T02:00:00.000000000Z,103.126,103.151,102.936,102.954,102.96,0.2149999999999892,103.192,103.078,0.11399999999999011,-1,1,1,103.20339999999999,103.1464,103.28319999999998
1577,USD_JPY,2021-01-06T18:00:00.000000000Z,103.209,103.245,102.944,103.048,103.098,0.30100000000000193,103.444,103.149,0.2950000000000017,-1,1,1,103.4735,103.32600000000001,103.68
1592,USD_JPY,2021-01-11T06:00:00.000000000Z,104.186,104.199,104.035,104.104,104.111,0.16400000000000148,104.222,104.113,0.10899999999999466,-1,1,1,104.2329,104.1784,104.30919999999999
1606,USD_JPY,2021-01-13T14:00:00.000000000Z,103.872,103.98,103.747,103.878,103.884,0.2330000000000041,103.998,103.82,0.17800000000001148,1,1,1,104.01580000000001,103.9268,104.14040000000001
1612,USD_JPY,2021-01-14T14:00:00.000000000Z,104.065,104.129,103.563,103.65,103.655,0.5660000000000025,104.16,103.954,0.20600000000000307,-1,1,1,104.1806,104.07759999999999,104.3248
1616,USD_JPY,2021-01-15T06:00:00.000000000Z,103.806,103.812,103.646,103.659,103.665,0.16599999999999682,103.822,103.736,0.08599999999999852,-1,1,1,103.8306,103.7876,103.8908
1629,USD_JPY,2021-01-19T10:00:00.000000000Z,104.016,104.028,103.862,103.918,103.924,0.16600000000001103,104.086,103.951,0.13500000000000512,-1,1,1,104.0995,104.032,104.194
1639,USD_JPY,2021-01-21T02:00:00.000000000Z,103.554,103.583,103.332,103.369,103.375,0.2510000000000048,103.669,103.502,0.1670000000000016,-1,1,1,103.6857,103.6022,103.8026
1651,USD_JPY,2021-01-25T02:00:00.000000000Z,103.84,103.846,103.688,103.718,103.724,0.15800000000000125,103.892,103.749,0.14300000000000068,-1,1,1,103.9063,103.8348,104.0064
1659,USD_JPY,2021-01-26T10:00:00.000000000Z,103.792,103.812,103.624,103.658,103.664,0.1880000000000024,103.829,103.694,0.1349999999999909,-1,1,1,103.84249999999999,103.77499999999999,103.93699999999998
1688,USD_JPY,2021-02-02T06:00:00.000000000Z,104.972,105.028,104.852,104.925,104.931,0.17600000000000193,105.03,104.86,0.1700000000000017,-1,1,1,105.047,104.962,105.166
1691,USD_JPY,2021-02-02T18:00:00.000000000Z,105.098,105.104,104.952,104.973,105.015,0.15200000000000102,105.174,104.966,0.20800000000001262,-1,1,1,105.19480000000001,105.0908,105.34040000000002
1708,USD_JPY,2021-02-05T14:00:00.000000000Z,105.684,105.707,105.344,105.348,105.354,0.36299999999999955,105.768,105.458,0.3100000000000023,-1,1,1,105.799,105.644,106.016
1713,USD_JPY,2021-02-08T10:00:00.000000000Z,105.605,105.667,105.446,105.482,105.488,0.22100000000000364,105.672,105.452,0.21999999999999886,-1,1,1,105.694,105.584,105.848
1720,USD_JPY,2021-02-09T14:00:00.000000000Z,104.62,104.69,104.498,104.564,104.57,0.19199999999999307,104.725,104.559,0.16599999999999682,-1,1,1,104.74159999999999,104.65859999999999,104.8578
1723,USD_JPY,2021-02-10T02:00:00.000000000Z,104.648,104.668,104.511,104.564,104.57,0.1570000000000107,104.714,104.516,0.1979999999999933,-1,1,1,104.7338,104.6348,104.8724
1738,USD_JPY,2021-02-12T14:00:00.000000000Z,105.074,105.123,104.91,104.928,104.934,0.21300000000000807,105.125,104.926,0.19899999999999807,-1,1,1,105.1449,105.0454,105.2842
1756,USD_JPY,2021-02-17T14:00:00.000000000Z,106.14,106.174,105.778,105.792,105.798,0.3960000000000008,106.216,105.945,0.2710000000000008,-1,1,1,106.2431,106.10759999999999,106.4328
1758,USD_JPY,2021-02-17T22:00:00.000000000Z,105.87,105.914,105.698,105.767,105.773,0.21600000000000819,105.925,105.784,0.14099999999999113,-1,1,1,105.9391,105.8686,106.03779999999999
1765,USD_JPY,2021-02-19T02:00:00.000000000Z,105.698,105.731,105.558,105.585,105.592,0.1729999999999876,105.742,105.646,0.09600000000000364,-1,1,1,105.75160000000001,105.70360000000001,105.81880000000001
1776,USD_JPY,2021-02-22T22:00:00.000000000Z,105.072,105.1,104.922,104.954,104.96,0.17799999999999727,105.109,104.984,0.125,-1,1,1,105.1215,105.059,105.20899999999999
1780,USD_JPY,2021-02-23T14:00:00.000000000Z,105.381,105.403,105.064,105.241,105.247,0.33900000000001285,105.43,105.178,0.25200000000000955,-1,1,1,105.4552,105.3292,105.63160000000002
1810,USD_JPY,2021-03-02T14:00:00.000000000Z,106.922,106.936,106.676,106.741,106.747,0.2600000000000051,106.958,106.848,0.10999999999999943,-1,1,1,106.969,106.914,107.04599999999999
1828,USD_JPY,2021-03-05T14:00:00.000000000Z,108.464,108.47,108.096,108.284,108.29,0.3739999999999952,108.646,108.224,0.42199999999999704,-1,1,1,108.6882,108.4772,108.9836
1840,USD_JPY,2021-03-09T14:00:00.000000000Z,108.878,108.884,108.494,108.527,108.534,0.39000000000000057,108.972,108.636,0.3359999999999985,-1,1,1,109.00559999999999,108.8376,109.2408
1869,USD_JPY,2021-03-16T09:00:00.000000000Z,109.223,109.246,108.94,109.008,109.015,0.3059999999999974,109.288,109.125,0.1629999999999967,-1,1,1,109.3043,109.22279999999999,109.41839999999999
1877,USD_JPY,2021-03-17T17:00:00.000000000Z,109.245,109.288,108.746,108.841,108.855,0.5420000000000016,109.326,109.128,0.1979999999999933,-1,1,1,109.3458,109.2468,109.4844
1899,USD_JPY,2021-03-23T09:00:00.000000000Z,108.754,108.794,108.406,108.566,108.571,0.387999999999991,108.806,108.676,0.12999999999999545,-1,1,1,108.819,108.754,108.91
1907,USD_JPY,2021-03-24T17:00:00.000000000Z,108.81,108.825,108.664,108.738,108.788,0.16100000000000136,108.957,108.694,0.262999999999991,-1,1,1,108.98329999999999,108.8518,109.16739999999999
1934,USD_JPY,2021-03-31T05:00:00.000000000Z,110.866,110.945,110.514,110.516,110.522,0.4309999999999974,110.966,110.558,0.40799999999998704,-1,1,1,111.0068,110.8028,111.29239999999999
1936,USD_JPY,2021-03-31T13:00:00.000000000Z,110.71,110.822,110.414,110.608,110.615,0.40800000000000125,110.84,110.516,0.32399999999999807,-1,1,1,110.8724,110.7104,111.0992
1939,USD_JPY,2021-04-01T01:00:00.000000000Z,110.79,110.798,110.571,110.7,110.706,0.22700000000000387,110.826,110.676,0.14999999999999147,-1,1,1,110.841,110.76599999999999,110.94599999999998
1963,USD_JPY,2021-04-07T01:00:00.000000000Z,109.775,109.834,109.578,109.718,109.725,0.2560000000000002,109.896,109.736,0.1599999999999966,-1,1,1,109.912,109.83200000000001,110.024
1975,USD_JPY,2021-04-09T01:00:00.000000000Z,109.261,109.375,109.213,109.37,109.377,0.16200000000000614,109.396,109.216,0.18000000000000682,1,1,1,109.414,109.324,109.54
1978,USD_JPY,2021-04-09T13:00:00.000000000Z,109.875,109.956,109.556,109.637,109.644,0.4000000000000057,109.962,109.582,0.38000000000000966,-1,1,1,110.0,109.81,110.266
1981,USD_JPY,2021-04-12T01:00:00.000000000Z,109.76,109.77,109.471,109.534,109.54,0.2989999999999924,109.793,109.576,0.21700000000001296,-1,1,1,109.8147,109.7062,109.96660000000001
1988,USD_JPY,2021-04-13T05:00:00.000000000Z,109.706,109.737,109.286,109.326,109.332,0.4509999999999934,109.753,109.537,0.21599999999999397,-1,1,1,109.77459999999999,109.6666,109.9258
1997,USD_JPY,2021-04-14T17:00:00.000000000Z,108.955,108.988,108.881,108.917,108.967,0.10699999999999932,109.096,108.911,0.18500000000000227,-1,1,1,109.1145,109.022,109.244
2002,USD_JPY,2021-04-15T13:00:00.000000000Z,108.8,108.808,108.612,108.696,108.703,0.19600000000001216,108.88,108.664,0.21599999999999397,-1,1,1,108.9016,108.7936,109.05279999999999
2004,USD_JPY,2021-04-15T21:00:00.000000000Z,108.754,108.764,108.612,108.764,108.771,0.15200000000000102,108.784,108.625,0.15900000000000603,1,1,1,108.79990000000001,108.7204,108.91120000000001
2007,USD_JPY,2021-04-16T09:00:00.000000000Z,108.857,108.906,108.703,108.852,108.859,0.20300000000000296,108.966,108.774,0.19199999999999307,-1,1,1,108.98519999999999,108.8892,109.11959999999999
2016,USD_JPY,2021-04-19T21:00:00.000000000Z,108.153,108.202,107.972,108.178,108.185,0.23000000000000398,108.207,108.062,0.14499999999999602,1,1,1,108.22149999999999,108.149,108.323
2037,USD_JPY,2021-04-23T09:00:00.000000000Z,107.914,107.938,107.478,107.516,107.523,0.46000000000000796,107.984,107.855,0.12899999999999068,-1,1,1,107.9969,107.9324,108.08719999999998
2056,USD_JPY,2021-04-28T13:00:00.000000000Z,108.96,108.972,108.704,108.852,108.859,0.2680000000000007,109.004,108.834,0.1700000000000017,-1,1,1,109.021,108.936,109.14
2065,USD_JPY,2021-04-30T01:00:00.000000000Z,108.932,108.945,108.714,108.807,108.814,0.23099999999999454,109.058,108.858,0.20000000000000284,-1,1,1,109.078,108.97800000000001,109.218
2073,USD_JPY,2021-05-03T09:00:00.000000000Z,109.632,109.643,109.3,109.376,109.383,0.3430000000000035,109.698,109.513,0.18499999999998806,-1,1,1,109.7165,109.624,109.84599999999999
2079,USD_JPY,2021-05-04T09:00:00.000000000Z,109.42,109.48,109.068,109.094,109.1,0.41200000000000614,109.488,109.264,0.22400000000000375,-1,1,1,109.5104,109.3984,109.66720000000001
2085,USD_JPY,2021-05-05T09:00:00.000000000Z,109.363,109.405,109.243,109.324,109.33,0.16200000000000614,109.482,109.256,0.2259999999999991,-1,1,1,109.5046,109.3916,109.6628
2090,USD_JPY,2021-05-06T05:00:00.000000000Z,109.398,109.4,109.178,109.226,109.233,0.2220000000000084,109.429,109.294,0.13500000000000512,-1,1,1,109.4425,109.375,109.537
2109,USD_JPY,2021-05-11T09:00:00.000000000Z,108.826,108.891,108.502,108.571,108.578,0.38900000000001,108.98,108.807,0.17300000000000182,-1,1,1,108.99730000000001,108.91080000000001,109.11840000000001
2114,USD_JPY,2021-05-12T05:00:00.000000000Z,108.86,108.885,108.724,108.752,108.758,0.16100000000000136,108.906,108.762,0.14400000000000546,-1,1,1,108.9204,108.8484,109.02120000000001
2120,USD_JPY,2021-05-13T05:00:00.000000000Z,109.691,109.752,109.482,109.568,109.575,0.269999999999996,109.753,109.483,0.269999999999996,-1,1,1,109.78,109.645,109.969
2122,USD_JPY,2021-05-13T13:00:00.000000000Z,109.583,109.656,109.453,109.465,109.471,0.20300000000000296,109.694,109.482,0.2120000000000033,-1,1,1,109.71520000000001,109.6092,109.8636
2152,USD_JPY,2021-05-20T13:00:00.000000000Z,108.986,108.986,108.748,108.791,108.798,0.23799999999999955,109.028,108.89,0.13800000000000523,-1,1,1,109.04180000000001,108.9728,109.1384
2155,USD_JPY,2021-05-21T01:00:00.000000000Z,108.83,108.874,108.736,108.775,108.782,0.13799999999999102,108.899,108.76,0.1389999999999958,-1,1,1,108.91290000000001,108.8434,109.0102
2161,USD_JPY,2021-05-24T01:00:00.000000000Z,108.983,108.991,108.816,108.846,108.853,0.17499999999999716,108.996,108.882,0.11399999999999011,-1,1,1,109.00739999999999,108.9504,109.08719999999998
2167,USD_JPY,2021-05-25T01:00:00.000000000Z,108.79,108.79,108.682,108.716,108.722,0.10800000000000409,108.864,108.738,0.12600000000000477,-1,1,1,108.87660000000001,108.81360000000001,108.96480000000001
2179,USD_JPY,2021-05-27T01:00:00.000000000Z,109.16,109.207,109.041,109.096,109.101,0.16599999999999682,109.21,109.116,0.09399999999999409,-1,1,1,109.2194,109.1724,109.28519999999999
2196,USD_JPY,2021-05-31T21:00:00.000000000Z,109.588,109.606,109.382,109.41,109.417,0.22399999999998954,109.607,109.466,0.14100000000000534,-1,1,1,109.6211,109.5506,109.7198
2200,USD_JPY,2021-06-01T13:00:00.000000000Z,109.642,109.669,109.34,109.436,109.442,0.3289999999999935,109.708,109.557,0.15099999999999625,-1,1,1,109.7231,109.6476,109.8288
2221,USD_JPY,2021-06-07T01:00:00.000000000Z,109.577,109.618,109.381,109.428,109.436,0.23699999999999477,109.638,109.433,0.2049999999999983,-1,1,1,109.6585,109.55600000000001,109.802
2258,USD_JPY,2021-06-15T05:00:00.000000000Z,110.086,110.124,109.988,110.124,110.131,0.13599999999999568,110.153,110.058,0.09499999999999886,1,1,1,110.16250000000001,110.11500000000001,110.229
2269,USD_JPY,2021-06-17T01:00:00.000000000Z,110.752,110.756,110.608,110.678,110.684,0.14799999999999613,110.824,110.611,0.21299999999999386,-1,1,1,110.8453,110.7388,110.9944
2275,USD_JPY,2021-06-18T01:00:00.000000000Z,110.312,110.327,110.156,110.222,110.228,0.17099999999999227,110.332,110.212,0.11999999999999034,-1,1,1,110.344,110.28399999999999,110.42799999999998
2281,USD_JPY,2021-06-21T01:00:00.000000000Z,110.232,110.244,109.718,109.796,109.802,0.5259999999999962,110.308,110.149,0.15900000000000603,-1,1,1,110.32390000000001,110.2444,110.43520000000001
2291,USD_JPY,2021-06-22T17:00:00.000000000Z,110.703,110.724,110.588,110.676,110.685,0.1360000000000099,110.792,110.61,0.18200000000000216,-1,1,1,110.81020000000001,110.7192,110.9376
2305,USD_JPY,2021-06-25T01:00:00.000000000Z,110.932,110.935,110.807,110.868,110.874,0.1280000000000001,110.985,110.835,0.15000000000000568,-1,1,1,111.0,110.925,111.105
2314,USD_JPY,2021-06-28T13:00:00.000000000Z,110.851,110.902,110.501,110.558,110.564,0.40099999999999625,110.978,110.694,0.2839999999999918,-1,1,1,111.0064,110.8644,111.20519999999999
2319,USD_JPY,2021-06-29T09:00:00.000000000Z,110.604,110.736,110.507,110.685,110.692,0.2289999999999992,110.76,110.53,0.23000000000000398,1,1,1,110.783,110.668,110.944
2320,USD_JPY,2021-06-29T13:00:00.000000000Z,110.686,110.707,110.43,110.528,110.535,0.2769999999999868,110.736,110.507,0.2289999999999992,-1,1,1,110.75890000000001,110.6444,110.9192
2323,USD_JPY,2021-06-30T01:00:00.000000000Z,110.566,110.578,110.444,110.506,110.513,0.13400000000000034,110.598,110.502,0.09600000000000364,-1,1,1,110.6076,110.5596,110.6748
2346,USD_JPY,2021-07-05T21:00:00.000000000Z,110.964,110.988,110.81,110.863,110.87,0.17799999999999727,110.998,110.878,0.12000000000000455,-1,1,1,111.01,110.95,111.09400000000001
2357,USD_JPY,2021-07-07T17:00:00.000000000Z,110.674,110.726,110.539,110.618,110.627,0.1869999999999976,110.815,110.574,0.24099999999999966,-1,1,1,110.8391,110.7186,111.0078
2385,USD_JPY,2021-07-14T09:00:00.000000000Z,110.512,110.518,110.14,110.182,110.188,0.3780000000000001,110.538,110.415,0.12299999999999045,-1,1,1,110.5503,110.4888,110.6364
2409,USD_JPY,2021-07-20T09:00:00.000000000Z,109.618,109.626,109.328,109.528,109.534,0.2980000000000018,109.746,109.45,0.29599999999999227,-1,1,1,109.7756,109.6276,109.98279999999998
2421,USD_JPY,2021-07-22T09:00:00.000000000Z,110.253,110.342,110.015,110.071,110.079,0.3269999999999982,110.361,110.068,0.29300000000000637,-1,1,1,110.39030000000001,110.24380000000001,110.59540000000001
2424,USD_JPY,2021-07-22T21:00:00.000000000Z,110.176,110.2,110.08,110.136,110.143,0.12000000000000455,110.224,110.086,0.13800000000000523,-1,1,1,110.23780000000001,110.1688,110.3344
2434,USD_JPY,2021-07-26T13:00:00.000000000Z,110.368,110.396,110.156,110.321,110.328,0.23999999999999488,110.426,110.22,0.20600000000000307,-1,1,1,110.4466,110.3436,110.5908
2436,USD_JPY,2021-07-26T21:00:00.000000000Z,110.392,110.407,110.216,110.224,110.231,0.1910000000000025,110.411,110.313,0.09799999999999898,-1,1,1,110.4208,110.37180000000001,110.4894
2451,USD_JPY,2021-07-29T09:00:00.000000000Z,109.813,109.88,109.606,109.759,109.766,0.2740000000000009,109.893,109.678,0.2150000000000034,-1,1,1,109.9145,109.807,110.065
2466,USD_JPY,2021-08-02T21:00:00.000000000Z,109.306,109.343,109.224,109.308,109.314,0.11899999999999977,109.376,109.243,0.13300000000000978,1,1,1,109.3893,109.3228,109.48240000000001
2467,USD_JPY,2021-08-03T01:00:00.000000000Z,109.306,109.334,109.135,109.183,109.19,0.19899999999999807,109.343,109.224,0.11899999999999977,-1,1,1,109.3549,109.2954,109.43820000000001
2475,USD_JPY,2021-08-04T09:00:00.000000000Z,109.194,109.214,108.76,108.768,108.775,0.4539999999999935,109.238,109.028,0.20999999999999375,-1,1,1,109.259,109.154,109.40599999999999
2505,USD_JPY,2021-08-11T09:00:00.000000000Z,110.798,110.799,110.396,110.477,110.484,0.4030000000000058,110.802,110.647,0.15500000000000114,-1,1,1,110.81750000000001,110.74000000000001,110.926
2540,USD_JPY,2021-08-19T05:00:00.000000000Z,110.173,110.2,109.498,109.606,109.612,0.7019999999999982,110.228,109.964,0.2639999999999958,-1,1,1,110.25439999999999,110.1224,110.43919999999999
2545,USD_JPY,2021-08-20T01:00:00.000000000Z,109.846,109.848,109.633,109.749,109.756,0.2150000000000034,109.887,109.736,0.15099999999999625,-1,1,1,109.9021,109.8266,110.0078
2554,USD_JPY,2021-08-23T13:00:00.000000000Z,110.04,110.04,109.722,109.773,109.78,0.31800000000001205,110.148,109.936,0.21199999999998909,-1,1,1,110.16919999999999,110.0632,110.31759999999998
2559,USD_JPY,2021-08-24T09:00:00.000000000Z,109.794,109.794,109.512,109.532,109.539,0.2819999999999965,109.883,109.71,0.17300000000000182,-1,1,1,109.9003,109.8138,110.0214
2575,USD_JPY,2021-08-27T01:00:00.000000000Z,110.055,110.086,109.887,109.924,109.931,0.19899999999999807,110.09,109.964,0.12600000000000477,-1,1,1,110.10260000000001,110.03960000000001,110.19080000000001
2595,USD_JPY,2021-09-01T09:00:00.000000000Z,110.372,110.391,110.016,110.026,110.033,0.375,110.42,110.167,0.2530000000000001,-1,1,1,110.4453,110.3188,110.6224
2627,USD_JPY,2021-09-08T17:00:00.000000000Z,110.281,110.29,110.172,110.266,110.273,0.11800000000000921,110.394,110.22,0.1740000000000066,-1,1,1,110.4114,110.3244,110.53320000000001
2632,USD_JPY,2021-09-09T13:00:00.000000000Z,109.898,109.922,109.694,109.702,109.709,0.22799999999999443,109.962,109.848,0.11400000000000432,-1,1,1,109.9734,109.9164,110.0532
2637,USD_JPY,2021-09-10T09:00:00.000000000Z,109.893,109.978,109.788,109.89,109.896,0.18999999999999773,109.992,109.846,0.1460000000000008,-1,1,1,110.0066,109.9336,110.1088
2648,USD_JPY,2021-09-14T05:00:00.000000000Z,110.061,110.096,109.954,110.04,110.046,0.14200000000001012,110.11,110.036,0.07399999999999807,-1,1,1,110.1174,110.0804,110.1692
2654,USD_JPY,2021-09-15T05:00:00.000000000Z,109.621,109.623,109.308,109.328,109.333,0.3149999999999977,109.658,109.546,0.11199999999999477,-1,1,1,109.6692,109.6132,109.74759999999999
2659,USD_JPY,2021-09-16T01:00:00.000000000Z,109.386,109.387,109.224,109.286,109.292,0.1629999999999967,109.464,109.314,0.15000000000000568,-1,1,1,109.479,109.404,109.584
2671,USD_JPY,2021-09-20T01:00:00.000000000Z,110.017,110.019,109.858,109.918,109.925,0.16100000000000136,110.038,109.906,0.1319999999999908,-1,1,1,110.0512,109.9852,110.14359999999999
2701,USD_JPY,2021-09-27T01:00:00.000000000Z,110.737,110.744,110.536,110.552,110.558,0.2079999999999984,110.807,110.653,0.15399999999999636,-1,1,1,110.8224,110.7454,110.9302
2710,USD_JPY,2021-09-28T13:00:00.000000000Z,111.559,111.631,111.235,111.419,111.425,0.3960000000000008,111.64,111.244,0.3960000000000008,-1,1,1,111.6796,111.4816,111.9568
2718,USD_JPY,2021-09-29T21:00:00.000000000Z,111.964,112.014,111.856,111.883,111.889,0.15800000000000125,112.05,111.928,0.12199999999999989,-1,1,1,112.06219999999999,112.0012,112.1476
2725,USD_JPY,2021-10-01T01:00:00.000000000Z,111.398,111.418,111.116,111.174,111.18,0.3020000000000067,111.489,111.257,0.23199999999999932,-1,1,1,111.5122,111.39620000000001,111.6746
2730,USD_JPY,2021-10-03T21:00:00.000000000Z,110.898,111.03,110.886,110.951,110.958,0.14400000000000546,111.122,110.986,0.13599999999999568,1,1,1,111.1356,111.0676,111.2308
2748,USD_JPY,2021-10-06T21:00:00.000000000Z,111.407,111.444,111.312,111.382,111.389,0.132000000000005,111.498,111.348,0.15000000000000568,-1,1,1,111.513,111.438,111.61800000000001
2757,USD_JPY,2021-10-08T09:00:00.000000000Z,111.96,111.96,111.512,111.596,111.603,0.4479999999999933,111.999,111.864,0.1349999999999909,-1,1,1,112.01249999999999,111.945,112.10699999999999
2776,USD_JPY,2021-10-13T13:00:00.000000000Z,113.662,113.722,113.228,113.45,113.456,0.4939999999999998,113.806,113.506,0.29999999999999716,-1,1,1,113.836,113.68599999999999,114.04599999999999
2788,USD_JPY,2021-10-15T13:00:00.000000000Z,114.45,114.462,113.988,114.281,114.288,0.47400000000000375,114.464,114.245,0.2189999999999941,-1,1,1,114.4859,114.3764,114.63919999999999
2793,USD_JPY,2021-10-18T09:00:00.000000000Z,114.369,114.434,114.12,114.276,114.283,0.31399999999999295,114.454,114.221,0.23299999999998988,-1,1,1,114.47729999999999,114.3608,114.64039999999999
2798,USD_JPY,2021-10-19T05:00:00.000000000Z,114.186,114.199,113.878,113.947,113.954,0.32099999999999795,114.24,114.081,0.15899999999999181,-1,1,1,114.2559,114.1764,114.36719999999998
2833,USD_JPY,2021-10-27T01:00:00.000000000Z,114.17,114.211,113.934,114.003,114.009,0.277000000000001,114.222,114.072,0.14999999999999147,-1,1,1,114.237,114.16199999999999,114.34199999999998
2842,USD_JPY,2021-10-28T13:00:00.000000000Z,113.69,113.72,113.256,113.45,113.457,0.46399999999999864,113.724,113.516,0.2079999999999984,-1,1,1,113.7448,113.6408,113.8904
2865,USD_JPY,2021-11-03T09:00:00.000000000Z,113.886,113.89,113.721,113.872,113.879,0.16899999999999693,113.946,113.815,0.13100000000000023,-1,1,1,113.95909999999999,113.89359999999999,114.0508
2878,USD_JPY,2021-11-05T13:00:00.000000000Z,113.916,113.918,113.357,113.372,113.38,0.561000000000007,114.034,113.719,0.31500000000001194,-1,1,1,114.06550000000001,113.908,114.28600000000002
2890,USD_JPY,2021-11-09T14:00:00.000000000Z,112.875,113.006,112.744,112.838,112.845,0.26200000000000045,113.116,112.81,0.3059999999999974,-1,1,1,113.1466,112.9936,113.3608
2893,USD_JPY,2021-11-10T02:00:00.000000000Z,112.912,112.919,112.776,112.881,112.888,0.14300000000000068,112.958,112.808,0.14999999999999147,-1,1,1,112.973,112.898,113.07799999999999
2901,USD_JPY,2021-11-11T10:00:00.000000000Z,114.078,114.08,113.807,113.875,113.882,0.27299999999999613,114.134,113.877,0.257000000000005,-1,1,1,114.1597,114.0312,114.3396
2943,USD_JPY,2021-11-22T10:00:00.000000000Z,114.132,114.238,114.064,114.154,114.16,0.1740000000000066,114.269,114.069,0.20000000000000284,1,1,1,114.289,114.18900000000001,114.429
2946,USD_JPY,2021-11-22T22:00:00.000000000Z,114.894,114.898,114.738,114.831,114.838,0.1599999999999966,114.964,114.811,0.1529999999999916,-1,1,1,114.9793,114.9028,115.0864
2964,USD_JPY,2021-11-25T22:00:00.000000000Z,115.355,115.371,114.68,114.874,114.881,0.6909999999999883,115.408,115.341,0.06700000000000728,-1,1,1,115.4147,115.38119999999999,115.4616
2977,USD_JPY,2021-11-30T02:00:00.000000000Z,113.722,113.746,113.037,113.083,113.092,0.708999999999989,113.892,113.531,0.36099999999999,-1,1,1,113.9281,113.7476,114.18079999999999
2985,USD_JPY,2021-12-01T10:00:00.000000000Z,113.466,113.478,113.112,113.139,113.146,0.36599999999999966,113.63,113.29,0.3399999999999892,-1,1,1,113.66399999999999,113.494,113.90199999999999
2991,USD_JPY,2021-12-02T10:00:00.000000000Z,113.15,113.164,112.707,112.846,112.854,0.45700000000000784,113.332,113.016,0.3159999999999883,-1,1,1,113.36359999999999,113.2056,113.58479999999999
2997,USD_JPY,2021-12-03T10:00:00.000000000Z,113.318,113.462,112.995,113.42,113.427,0.46699999999999875,113.488,113.182,0.3059999999999974,1,1,1,113.51859999999999,113.3656,113.7328
3019,USD_JPY,2021-12-09T02:00:00.000000000Z,113.722,113.774,113.586,113.636,113.642,0.1880000000000024,113.812,113.65,0.16199999999999193,-1,1,1,113.8282,113.7472,113.9416
3037,USD_JPY,2021-12-14T02:00:00.000000000Z,113.619,113.648,113.47,113.593,113.6,0.17799999999999727,113.668,113.528,0.14000000000000057,-1,1,1,113.682,113.61200000000001,113.78
3039,USD_JPY,2021-12-14T10:00:00.000000000Z,113.604,113.618,113.429,113.558,113.565,0.18899999999999295,113.756,113.522,0.23399999999999466,-1,1,1,113.7794,113.6624,113.94319999999999
3057,USD_JPY,2021-12-17T10:00:00.000000000Z,113.588,113.604,113.142,113.338,113.345,0.4620000000000033,113.701,113.486,0.2149999999999892,-1,1,1,113.7225,113.615,113.87299999999999
3060,USD_JPY,2021-12-19T22:00:00.000000000Z,113.633,113.728,113.501,113.524,113.531,0.22699999999998965,113.766,113.598,0.16800000000000637,-1,1,1,113.78280000000001,113.6988,113.9004
3064,USD_JPY,2021-12-20T14:00:00.000000000Z,113.528,113.578,113.327,113.522,113.528,0.2510000000000048,113.693,113.495,0.1979999999999933,-1,1,1,113.7128,113.6138,113.8514
3077,USD_JPY,2021-12-22T18:00:00.000000000Z,114.212,114.25,114.078,114.118,114.127,0.17199999999999704,114.372,114.125,0.2469999999999999,-1,1,1,114.3967,114.2732,114.5696
3087,USD_JPY,2021-12-24T10:00:00.000000000Z,114.404,114.405,114.34,114.37,114.381,0.06499999999999773,114.418,114.341,0.07700000000001239,-1,1,1,114.4257,114.3872,114.47960000000002
3090,USD_JPY,2021-12-26T22:00:00.000000000Z,114.353,114.424,114.311,114.405,114.412,0.11299999999999955,114.461,114.338,0.12300000000000466,1,1,1,114.4733,114.4118,114.5594
3111,USD_JPY,2021-12-30T10:00:00.000000000Z,115.17,115.19,115.022,115.178,115.185,0.16799999999999216,115.21,115.09,0.11999999999999034,1,1,1,115.222,115.16199999999999,115.30599999999998
3113,USD_JPY,2021-12-30T18:00:00.000000000Z,115.18,115.18,115.036,115.07,115.079,0.14400000000000546,115.201,115.056,0.14499999999999602,-1,1,1,115.21549999999999,115.143,115.317
3148,USD_JPY,2022-01-07T14:00:00.000000000Z,115.855,115.884,115.583,115.624,115.63,0.30100000000000193,115.93,115.692,0.23800000000001376,-1,1,1,115.9538,115.8348,116.12040000000002
3152,USD_JPY,2022-01-10T06:00:00.000000000Z,115.81,115.826,115.62,115.668,115.675,0.20599999999998886,115.852,115.64,0.2120000000000033,-1,1,1,115.8732,115.7672,116.0216
3193,USD_JPY,2022-01-19T02:00:00.000000000Z,114.658,114.724,114.206,114.254,114.261,0.5180000000000007,114.79,114.54,0.25,-1,1,1,114.81500000000001,114.69000000000001,114.99000000000001
3204,USD_JPY,2022-01-20T22:00:00.000000000Z,114.106,114.162,113.737,113.806,113.814,0.42500000000001137,114.232,114.102,0.12999999999999545,-1,1,1,114.245,114.18,114.336
3207,USD_JPY,2022-01-21T10:00:00.000000000Z,113.968,113.98,113.664,113.68,113.687,0.3160000000000025,114.034,113.797,0.23700000000000898,-1,1,1,114.05770000000001,113.9392,114.22360000000002
3222,USD_JPY,2022-01-25T22:00:00.000000000Z,113.9,113.93,113.778,113.868,113.876,0.15200000000000102,113.946,113.804,0.1419999999999959,-1,1,1,113.9602,113.8892,114.05959999999999
3233,USD_JPY,2022-01-27T18:00:00.000000000Z,115.381,115.381,115.158,115.362,115.369,0.22299999999999898,115.489,115.238,0.2510000000000048,-1,1,1,115.5141,115.3886,115.6898
3237,USD_JPY,2022-01-28T10:00:00.000000000Z,115.614,115.67,115.254,115.328,115.336,0.4159999999999968,115.688,115.338,0.3500000000000085,-1,1,1,115.723,115.548,115.968
3243,USD_JPY,2022-01-31T10:00:00.000000000Z,115.428,115.53,115.244,115.269,115.276,0.28600000000000136,115.531,115.344,0.18700000000001182,-1,1,1,115.5497,115.4562,115.68060000000001
3254,USD_JPY,2022-02-02T06:00:00.000000000Z,114.757,114.766,114.4,114.405,114.412,0.36599999999999966,114.804,114.694,0.10999999999999943,-1,1,1,114.815,114.76,114.892
3262,USD_JPY,2022-02-03T14:00:00.000000000Z,114.858,114.95,114.736,114.85,114.857,0.21399999999999864,114.976,114.74,0.2360000000000042,-1,1,1,114.9996,114.88159999999999,115.1648
3272,USD_JPY,2022-02-07T06:00:00.000000000Z,115.345,115.356,114.97,115.023,115.03,0.3859999999999957,115.379,115.254,0.125,-1,1,1,115.39150000000001,115.32900000000001,115.479
3296,USD_JPY,2022-02-11T06:00:00.000000000Z,116.084,116.11,115.882,116.054,116.061,0.22799999999999443,116.17,115.974,0.19599999999999795,-1,1,1,116.1896,116.0916,116.3268
3302,USD_JPY,2022-02-14T06:00:00.000000000Z,115.435,115.454,115.034,115.048,115.055,0.4199999999999875,115.552,115.334,0.21800000000000352,-1,1,1,115.5738,115.46480000000001,115.72640000000001
3305,USD_JPY,2022-02-14T18:00:00.000000000Z,115.634,115.664,115.369,115.542,115.554,0.2950000000000017,115.748,115.462,0.28600000000000136,-1,1,1,115.7766,115.6336,115.97680000000001
3345,USD_JPY,2022-02-23T10:00:00.000000000Z,115.072,115.134,114.963,115.014,115.02,0.17100000000000648,115.17,114.993,0.1770000000000067,-1,1,1,115.1877,115.0992,115.31160000000001
3347,USD_JPY,2022-02-23T18:00:00.000000000Z,115.078,115.091,114.926,115.02,115.028,0.16499999999999204,115.202,114.999,0.20300000000000296,-1,1,1,115.2223,115.1208,115.3644
3349,USD_JPY,2022-02-24T02:00:00.000000000Z,115.082,115.105,114.494,114.562,114.57,0.6110000000000042,115.12,114.83,0.29000000000000625,-1,1,1,115.149,115.004,115.352
3381,USD_JPY,2022-03-03T10:00:00.000000000Z,115.784,115.787,115.644,115.664,115.671,0.14300000000000068,115.808,115.648,0.1600000000000108,-1,1,1,115.82400000000001,115.744,115.93600000000002
3388,USD_JPY,2022-03-04T14:00:00.000000000Z,115.422,115.422,114.65,114.771,114.778,0.7719999999999914,115.467,115.304,0.1629999999999967,-1,1,1,115.4833,115.4018,115.5974
3400,USD_JPY,2022-03-08T14:00:00.000000000Z,115.695,115.721,115.421,115.598,115.607,0.29999999999999716,115.791,115.552,0.2389999999999901,-1,1,1,115.8149,115.6954,115.98219999999999
3410,USD_JPY,2022-03-10T06:00:00.000000000Z,116.092,116.102,115.813,115.94,115.947,0.2890000000000015,116.196,116.042,0.15399999999999636,-1,1,1,116.2114,116.1344,116.3192
3428,USD_JPY,2022-03-15T05:00:00.000000000Z,118.366,118.394,117.697,117.793,117.8,0.6970000000000027,118.452,118.191,0.2609999999999957,-1,1,1,118.4781,118.3476,118.6608
3433,USD_JPY,2022-03-16T01:00:00.000000000Z,118.421,118.424,118.175,118.23,118.238,0.24900000000000944,118.43,118.274,0.1560000000000059,-1,1,1,118.44560000000001,118.36760000000001,118.55480000000001
3435,USD_JPY,2022-03-16T09:00:00.000000000Z,118.32,118.356,118.192,118.314,118.322,0.16400000000000148,118.381,118.196,0.18500000000000227,-1,1,1,118.3995,118.307,118.529
3439,USD_JPY,2022-03-17T01:00:00.000000000Z,118.888,118.918,118.596,118.752,118.758,0.32200000000000273,119.028,118.718,0.3100000000000023,-1,1,1,119.05900000000001,118.90400000000001,119.27600000000001
3487,USD_JPY,2022-03-29T01:00:00.000000000Z,124.146,124.184,123.103,123.37,123.379,1.081000000000003,124.308,123.312,0.9960000000000093,-1,1,1,124.4076,123.9096,125.10480000000001
3549,USD_JPY,2022-04-12T09:00:00.000000000Z,125.632,125.714,124.766,124.933,124.944,0.9479999999999933,125.76,125.34,0.4200000000000017,-1,1,1,125.802,125.592,126.096
3558,USD_JPY,2022-04-13T21:00:00.000000000Z,125.619,125.7,125.21,125.511,125.519,0.4900000000000091,125.71,125.489,0.22099999999998943,-1,1,1,125.73209999999999,125.6216,125.88679999999998
3571,USD_JPY,2022-04-18T01:00:00.000000000Z,126.568,126.698,126.24,126.646,126.654,0.4579999999999984,126.794,126.348,0.44599999999999795,1,1,1,126.8386,126.6156,127.15079999999999
3583,USD_JPY,2022-04-20T01:00:00.000000000Z,129.292,129.38,128.06,128.558,128.568,1.3199999999999932,129.412,128.903,0.5090000000000146,-1,1,1,129.46290000000002,129.2084,129.81920000000002
3590,USD_JPY,2022-04-21T05:00:00.000000000Z,128.367,128.386,127.869,128.064,128.073,0.5169999999999959,128.641,128.112,0.5289999999999964,-1,1,1,128.69389999999999,128.4294,129.0642
3593,USD_JPY,2022-04-21T17:00:00.000000000Z,128.596,128.598,128.067,128.374,128.385,0.5310000000000059,128.709,128.082,0.6270000000000095,-1,1,1,128.7717,128.4582,129.2106
3604,USD_JPY,2022-04-25T13:00:00.000000000Z,128.162,128.284,127.524,127.696,127.705,0.7599999999999909,128.498,127.989,0.5089999999999861,-1,1,1,128.5489,128.2944,128.90519999999998
3649,USD_JPY,2022-05-05T01:00:00.000000000Z,129.098,129.288,128.75,129.26,129.27,0.5380000000000109,129.555,129.054,0.5010000000000048,1,1,1,129.6051,129.3546,129.9558
3656,USD_JPY,2022-05-06T05:00:00.000000000Z,130.566,130.698,130.33,130.446,130.455,0.367999999999995,130.809,130.366,0.44299999999998363,-1,1,1,130.8533,130.6318,131.1634
3663,USD_JPY,2022-05-09T09:00:00.000000000Z,131.196,131.246,130.487,130.724,130.733,0.7590000000000146,131.35,131.001,0.34899999999998954,-1,1,1,131.3849,131.2104,131.6292
3680,USD_JPY,2022-05-12T05:00:00.000000000Z,129.786,129.8,128.404,128.554,128.563,1.396000000000015,129.91,129.672,0.23799999999999955,-1,1,1,129.9338,129.8148,130.1004
3686,USD_JPY,2022-05-13T05:00:00.000000000Z,128.948,128.983,128.49,128.806,128.814,0.492999999999995,129.36,128.786,0.5740000000000123,-1,1,1,129.41740000000001,129.1304,129.81920000000002
3691,USD_JPY,2022-05-16T01:00:00.000000000Z,129.485,129.549,128.698,129.017,129.026,0.8509999999999991,129.642,129.215,0.4269999999999925,-1,1,1,129.6847,129.4712,129.9836
3696,USD_JPY,2022-05-16T21:00:00.000000000Z,129.148,129.289,128.829,129.204,129.214,0.45999999999997954,129.404,129.012,0.3919999999999959,1,1,1,129.4432,129.2472,129.7176
3705,USD_JPY,2022-05-18T09:00:00.000000000Z,129.222,129.246,128.866,128.9,128.907,0.37999999999999545,129.35,129.02,0.3299999999999841,-1,1,1,129.38299999999998,129.218,129.61399999999998
3710,USD_JPY,2022-05-19T05:00:00.000000000Z,128.836,128.89,127.81,127.858,127.867,1.079999999999984,128.946,128.369,0.5769999999999982,-1,1,1,129.0037,128.7152,129.4076
3723,USD_JPY,2022-05-23T09:00:00.000000000Z,127.56,127.887,127.363,127.826,127.834,0.5240000000000009,127.932,127.415,0.5169999999999959,1,1,1,127.9837,127.7252,128.3456
3726,USD_JPY,2022-05-23T21:00:00.000000000Z,127.914,127.918,127.63,127.808,127.816,0.2880000000000109,127.945,127.738,0.20699999999999363,-1,1,1,127.9657,127.8622,128.11059999999998
3735,USD_JPY,2022-05-25T09:00:00.000000000Z,127.06,127.187,126.797,127.058,127.066,0.39000000000000057,127.299,126.838,0.46100000000001273,-1,1,1,127.3451,127.1146,127.66780000000001
3751,USD_JPY,2022-05-30T01:00:00.000000000Z,127.058,127.136,126.858,127.004,127.012,0.2779999999999916,127.348,126.964,0.38400000000000034,-1,1,1,127.3864,127.1944,127.6552
3770,USD_JPY,2022-06-02T05:00:00.000000000Z,130.06,130.092,129.764,129.894,129.902,0.32800000000000296,130.146,129.894,0.25199999999998113,-1,1,1,130.1712,130.0452,130.34759999999997
3790,USD_JPY,2022-06-07T13:00:00.000000000Z,132.798,132.858,132.318,132.592,132.6,0.539999999999992,132.898,132.555,0.3429999999999893,-1,1,1,132.9323,132.7608,133.17239999999998
3796,USD_JPY,2022-06-08T13:00:00.000000000Z,134.297,134.352,133.604,134.058,134.067,0.7479999999999905,134.479,133.677,0.8020000000000209,-1,1,1,134.5592,134.1582,135.12060000000002
3799,USD_JPY,2022-06-09T01:00:00.000000000Z,134.277,134.467,133.824,134.178,134.187,0.6430000000000007,134.56,134.028,0.5320000000000107,-1,1,1,134.6132,134.3472,134.9856
3806,USD_JPY,2022-06-10T05:00:00.000000000Z,134.208,134.214,133.363,133.861,133.87,0.8509999999999991,134.285,133.915,0.37000000000000455,-1,1,1,134.322,134.137,134.581
3812,USD_JPY,2022-06-13T05:00:00.000000000Z,135.022,135.135,134.14,134.336,134.345,0.9950000000000045,135.202,134.682,0.5200000000000102,-1,1,1,135.254,134.994,135.618
3816,USD_JPY,2022-06-13T21:00:00.000000000Z,134.442,134.527,133.872,134.155,134.165,0.6549999999999727,134.671,133.942,0.728999999999985,-1,1,1,134.7439,134.3794,135.25419999999997
3818,USD_JPY,2022-06-14T05:00:00.000000000Z,134.602,134.786,134.016,134.187,134.197,0.7700000000000102,134.82,134.08,0.7399999999999807,-1,1,1,134.894,134.524,135.41199999999998
3824,USD_JPY,2022-06-15T05:00:00.000000000Z,135.072,135.11,134.492,134.529,134.537,0.6180000000000234,135.3,134.989,0.31100000000000705,-1,1,1,135.33110000000002,135.1756,135.54880000000003
3830,USD_JPY,2022-06-16T05:00:00.000000000Z,134.412,134.646,133.117,133.226,133.237,1.5289999999999964,134.681,134.222,0.4590000000000032,-1,1,1,134.7269,134.4974,135.0482
3841,USD_JPY,2022-06-20T01:00:00.000000000Z,135.184,135.276,134.668,134.956,134.966,0.6080000000000041,135.446,134.962,0.48400000000000887,-1,1,1,135.49439999999998,135.2524,135.8332
3855,USD_JPY,2022-06-22T09:00:00.000000000Z,136.252,136.306,135.747,135.802,135.811,0.5589999999999975,136.628,136.118,0.5099999999999909,-1,1,1,136.67899999999997,136.42399999999998,137.03599999999997
3865,USD_JPY,2022-06-24T01:00:00.000000000Z,135.118,135.142,134.548,134.797,134.806,0.5939999999999941,135.23,134.655,0.5749999999999886,-1,1,1,135.2875,135.0,135.68999999999997
3868,USD_JPY,2022-06-24T13:00:00.000000000Z,135.132,135.278,134.716,135.166,135.175,0.5619999999999834,135.304,134.814,0.4900000000000091,1,1,1,135.353,135.108,135.696
3870,USD_JPY,2022-06-26T21:00:00.000000000Z,135.178,135.224,134.594,134.634,134.644,0.6299999999999955,135.402,135.125,0.2769999999999868,-1,1,1,135.4297,135.2912,135.62359999999998
3884,USD_JPY,2022-06-29T05:00:00.000000000Z,136.044,136.226,135.772,136.18,136.189,0.45400000000000773,136.279,135.894,0.3849999999999909,1,1,1,136.3175,136.125,136.587
3895,USD_JPY,2022-07-01T01:00:00.000000000Z,135.963,135.963,134.981,135.091,135.1,0.9819999999999993,135.988,135.706,0.2820000000000107,-1,1,1,136.0162,135.8752,136.2136
3908,USD_JPY,2022-07-05T05:00:00.000000000Z,136.258,136.328,135.555,135.846,135.856,0.7729999999999961,136.365,135.983,0.382000000000005,-1,1,1,136.4032,136.2122,136.6706
3912,USD_JPY,2022-07-05T21:00:00.000000000Z,135.797,135.88,135.424,135.658,135.669,0.45599999999998886,135.924,135.626,0.2980000000000018,-1,1,1,135.9538,135.8048,136.16240000000002
3921,USD_JPY,2022-07-07T09:00:00.000000000Z,136.128,136.214,135.56,135.911,135.92,0.6539999999999964,136.224,135.673,0.5509999999999877,-1,1,1,136.2791,136.0036,136.66479999999999
3936,USD_JPY,2022-07-11T21:00:00.000000000Z,137.445,137.45,137.143,137.229,137.239,0.30699999999998795,137.46,137.259,0.20100000000002183,-1,1,1,137.48010000000002,137.3796,137.62080000000003
3956,USD_JPY,2022-07-15T05:00:00.000000000Z,139.03,139.059,138.56,138.812,138.821,0.4989999999999952,139.092,138.766,0.32600000000002183,-1,1,1,139.12460000000002,138.9616,139.35280000000003
3962,USD_JPY,2022-07-18T05:00:00.000000000Z,138.332,138.342,137.89,138.109,138.118,0.4520000000000266,138.458,138.028,0.4300000000000068,-1,1,1,138.501,138.286,138.802
3967,USD_JPY,2022-07-19T01:00:00.000000000Z,138.24,138.309,137.936,138.092,138.101,0.37299999999999045,138.394,138.087,0.30700000000001637,-1,1,1,138.4247,138.2712,138.63960000000003
3979,USD_JPY,2022-07-21T01:00:00.000000000Z,138.468,138.524,137.98,138.172,138.181,0.5440000000000111,138.556,138.165,0.39100000000001955,-1,1,1,138.5951,138.3996,138.86880000000002
3991,USD_JPY,2022-07-25T01:00:00.000000000Z,136.528,136.554,135.889,136.214,136.223,0.664999999999992,136.612,136.034,0.578000000000003,-1,1,1,136.6698,136.3808,137.0744
4015,USD_JPY,2022-07-29T01:00:00.000000000Z,134.502,134.576,132.961,133.383,133.393,1.6149999999999807,134.676,134.238,0.4379999999999882,-1,1,1,134.7198,134.5008,135.02639999999997
4033,USD_JPY,2022-08-03T01:00:00.000000000Z,133.8,133.849,132.286,132.722,132.733,1.5629999999999882,133.906,132.875,1.031000000000006,-1,1,1,134.00910000000002,133.49360000000001,134.73080000000002
4041,USD_JPY,2022-08-04T09:00:00.000000000Z,134.304,134.388,133.156,133.529,133.538,1.2319999999999993,134.424,133.69,0.7340000000000089,-1,1,1,134.4974,134.1304,135.0112
4063,USD_JPY,2022-08-10T01:00:00.000000000Z,135.216,135.245,134.892,134.991,135.0,0.35300000000000864,135.306,135.068,0.23799999999999955,-1,1,1,135.3298,135.2108,135.49640000000002
4070,USD_JPY,2022-08-11T05:00:00.000000000Z,133.128,133.193,132.43,132.514,132.524,0.7630000000000052,133.314,132.772,0.5420000000000016,-1,1,1,133.3682,133.0972,133.7476
4083,USD_JPY,2022-08-15T09:00:00.000000000Z,133.37,133.496,132.555,132.69,132.699,0.9410000000000025,133.543,133.128,0.41500000000002046,-1,1,1,133.58450000000002,133.377,133.87500000000003
4086,USD_JPY,2022-08-15T21:00:00.000000000Z,133.348,133.348,132.952,133.194,133.203,0.396000000000015,133.352,133.138,0.21399999999999864,-1,1,1,133.3734,133.2664,133.5232
4097,USD_JPY,2022-08-17T17:00:00.000000000Z,135.402,135.482,134.793,135.063,135.078,0.688999999999993,135.5,134.941,0.5589999999999975,-1,1,1,135.5559,135.2764,135.9472
4101,USD_JPY,2022-08-18T09:00:00.000000000Z,135.209,135.35,134.647,134.934,134.942,0.703000000000003,135.433,134.99,0.44299999999998363,-1,1,1,135.47729999999999,135.2558,135.7874
4120,USD_JPY,2022-08-23T13:00:00.000000000Z,137.519,137.62,135.807,136.439,136.447,1.8130000000000166,137.646,137.214,0.43199999999998795,-1,1,1,137.68919999999997,137.4732,137.99159999999998
4128,USD_JPY,2022-08-24T21:00:00.000000000Z,137.075,137.202,136.732,136.938,136.948,0.46999999999999886,137.213,137.004,0.20900000000000318,-1,1,1,137.2339,137.1294,137.3802
4137,USD_JPY,2022-08-26T09:00:00.000000000Z,136.918,137.044,136.5,136.682,136.691,0.5440000000000111,137.127,136.748,0.3790000000000191,-1,1,1,137.16490000000002,136.9754,137.4302
4156,USD_JPY,2022-08-31T13:00:00.000000000Z,138.596,138.854,138.448,138.709,138.717,0.4060000000000059,138.897,138.454,0.44299999999998363,1,1,1,138.94129999999998,138.7198,139.2514
4160,USD_JPY,2022-09-01T05:00:00.000000000Z,139.509,139.518,139.086,139.222,139.23,0.43199999999998795,139.686,139.362,0.3240000000000123,-1,1,1,139.7184,139.5564,139.94520000000003
4168,USD_JPY,2022-09-02T13:00:00.000000000Z,140.58,140.69,139.916,140.23,140.238,0.7740000000000009,140.804,139.932,0.8720000000000141,-1,1,1,140.8912,140.4552,141.50160000000002
4171,USD_JPY,2022-09-05T01:00:00.000000000Z,140.31,140.422,140.119,140.354,140.363,0.30299999999999727,140.558,140.124,0.4339999999999975,1,1,1,140.60139999999998,140.3844,140.90519999999998
4189,USD_JPY,2022-09-08T01:00:00.000000000Z,144.326,144.331,143.698,144.008,144.017,0.6329999999999814,144.562,143.712,0.8500000000000227,-1,1,1,144.64700000000002,144.222,145.24200000000002
4208,USD_JPY,2022-09-13T05:00:00.000000000Z,142.578,142.582,142.043,142.252,142.262,0.5389999999999873,142.726,142.319,0.4070000000000107,-1,1,1,142.76670000000001,142.5632,143.0516
4227,USD_JPY,2022-09-16T09:00:00.000000000Z,143.354,143.387,142.956,143.3,143.309,0.4310000000000116,143.695,143.226,0.4689999999999941,-1,1,1,143.7419,143.5074,144.0702
4234,USD_JPY,2022-09-19T13:00:00.000000000Z,143.476,143.587,143.172,143.234,143.241,0.41499999999999204,143.644,143.381,0.26300000000000523,-1,1,1,143.6703,143.5388,143.8544
4242,USD_JPY,2022-09-20T21:00:00.000000000Z,143.726,143.762,143.478,143.722,143.732,0.2839999999999918,143.766,143.524,0.24199999999999022,-1,1,1,143.7902,143.6692,143.9596
4266,USD_JPY,2022-09-26T21:00:00.000000000Z,144.676,144.74,144.27,144.44,144.45,0.46999999999999886,144.79,144.507,0.28299999999998704,-1,1,1,144.8183,144.6768,145.01639999999998
4268,USD_JPY,2022-09-27T05:00:00.000000000Z,144.532,144.556,144.061,144.388,144.397,0.49500000000000455,144.637,144.321,0.3160000000000025,-1,1,1,144.6686,144.5106,144.8898
4272,USD_JPY,2022-09-27T21:00:00.000000000Z,144.817,144.872,144.604,144.742,144.752,0.2680000000000007,144.904,144.731,0.17300000000000182,-1,1,1,144.9213,144.8348,145.0424
4296,USD_JPY,2022-10-03T21:00:00.000000000Z,144.531,144.756,144.414,144.69,144.699,0.34200000000001296,144.794,144.498,0.2960000000000207,1,1,1,144.8236,144.6756,145.03080000000003
4298,USD_JPY,2022-10-04T05:00:00.000000000Z,144.802,144.874,144.526,144.746,144.755,0.34799999999998477,144.916,144.668,0.24799999999999045,-1,1,1,144.9408,144.8168,145.1144
4307,USD_JPY,2022-10-05T17:00:00.000000000Z,144.747,144.792,144.394,144.685,144.699,0.39799999999999613,144.847,144.43,0.4170000000000016,-1,1,1,144.8887,144.6802,145.1806
4337,USD_JPY,2022-10-12T17:00:00.000000000Z,146.95,146.972,146.658,146.911,146.923,0.3140000000000214,146.974,146.691,0.28299999999998704,-1,1,1,147.0023,146.86079999999998,147.20039999999997
4362,USD_JPY,2022-10-18T21:00:00.000000000Z,149.265,149.279,149.1,149.182,149.192,0.17900000000000205,149.286,149.15,0.13599999999999568,-1,1,1,149.2996,149.23160000000001,149.3948
4378,USD_JPY,2022-10-21T13:00:00.000000000Z,151.48,151.689,146.197,147.25,147.266,5.49199999999999,151.946,150.78,1.1659999999999968,-1,1,1,152.0626,151.4796,152.87879999999998
4394,USD_JPY,2022-10-26T05:00:00.000000000Z,148.26,148.28,146.76,146.994,147.003,1.5200000000000102,148.414,148.084,0.3299999999999841,-1,1,1,148.44699999999997,148.28199999999998,148.67799999999997
4396,USD_JPY,2022-10-26T13:00:00.000000000Z,147.286,147.333,146.23,146.424,146.432,1.1030000000000086,147.359,146.709,0.6500000000000057,-1,1,1,147.424,147.09900000000002,147.87900000000002
4402,USD_JPY,2022-10-27T13:00:00.000000000Z,146.531,146.666,145.664,146.125,146.135,1.0020000000000095,146.942,145.92,1.0220000000000198,-1,1,1,147.04420000000002,146.5332,147.75960000000003
4417,USD_JPY,2022-11-01T01:00:00.000000000Z,148.734,148.738,148.126,148.408,148.418,0.6119999999999948,148.827,148.571,0.2560000000000002,-1,1,1,148.8526,148.7246,149.0318
4424,USD_JPY,2022-11-02T05:00:00.000000000Z,147.622,147.626,147.024,147.16,147.169,0.6020000000000039,147.711,147.164,0.5470000000000255,-1,1,1,147.7657,147.4922,148.14860000000004
4435,USD_JPY,2022-11-04T01:00:00.000000000Z,148.206,148.236,147.854,147.87,147.881,0.3819999999999766,148.404,147.98,0.4240000000000066,-1,1,1,148.44639999999998,148.2344,148.7432
4450,USD_JPY,2022-11-08T14:00:00.000000000Z,146.366,146.376,145.312,145.533,145.542,1.063999999999993,146.554,146.15,0.40399999999999636,-1,1,1,146.5944,146.3924,146.8772
4458,USD_JPY,2022-11-09T22:00:00.000000000Z,146.45,146.499,146.11,146.242,146.252,0.3889999999999816,146.798,146.142,0.6560000000000059,-1,1,1,146.8636,146.5356,147.3228
4478,USD_JPY,2022-11-15T06:00:00.000000000Z,140.38,140.448,139.178,139.372,139.382,1.2700000000000102,140.626,140.192,0.4339999999999975,-1,1,1,140.6694,140.4524,140.9732
4486,USD_JPY,2022-11-16T14:00:00.000000000Z,139.776,139.804,139.042,139.414,139.423,0.7620000000000005,140.037,139.188,0.849000000000018,-1,1,1,140.1219,139.6974,140.71620000000001
4488,USD_JPY,2022-11-16T22:00:00.000000000Z,139.481,139.604,139.222,139.524,139.534,0.382000000000005,139.712,139.244,0.4679999999999893,1,1,1,139.75879999999998,139.5248,140.08639999999997
4525,USD_JPY,2022-11-25T02:00:00.000000000Z,138.768,138.807,138.374,138.676,138.684,0.4329999999999927,139.051,138.466,0.5849999999999795,-1,1,1,139.1095,138.817,139.51899999999998
4556,USD_JPY,2022-12-02T06:00:00.000000000Z,135.148,135.204,133.622,133.988,133.999,1.5819999999999936,135.336,135.036,0.30000000000001137,-1,1,1,135.366,135.216,135.57600000000002
4566,USD_JPY,2022-12-05T22:00:00.000000000Z,136.688,136.845,136.291,136.502,136.511,0.554000000000002,136.862,136.524,0.33799999999999386,-1,1,1,136.8958,136.7268,137.1324
4575,USD_JPY,2022-12-07T10:00:00.000000000Z,137.622,137.736,136.534,136.62,136.631,1.2019999999999982,137.86,137.304,0.5560000000000116,-1,1,1,137.9156,137.63760000000002,138.30480000000003
4580,USD_JPY,2022-12-08T06:00:00.000000000Z,137.1,137.152,136.574,136.982,136.991,0.5779999999999745,137.249,136.722,0.5269999999999868,-1,1,1,137.30169999999998,137.0382,137.67059999999998
4592,USD_JPY,2022-12-12T06:00:00.000000000Z,137.004,137.106,136.642,136.652,136.661,0.46399999999999864,137.139,136.786,0.35300000000000864,-1,1,1,137.17430000000002,136.9978,137.4214
4616,USD_JPY,2022-12-16T06:00:00.000000000Z,137.354,137.389,136.824,137.188,137.197,0.5649999999999977,137.412,136.954,0.4579999999999984,-1,1,1,137.45780000000002,137.2288,137.7784
4620,USD_JPY,2022-12-18T22:00:00.000000000Z,135.96,136.612,135.818,135.873,135.883,0.7939999999999827,136.759,136.294,0.464999999999975,-1,1,1,136.8055,136.573,137.13099999999997
4622,USD_JPY,2022-12-19T06:00:00.000000000Z,136.194,136.196,135.754,136.124,136.134,0.4420000000000073,136.352,135.772,0.5800000000000125,-1,1,1,136.41,136.12,136.816
4627,USD_JPY,2022-12-20T02:00:00.000000000Z,137.277,137.42,132.924,132.924,132.939,4.495999999999981,137.478,136.716,0.7620000000000005,-1,1,1,137.5542,137.1732,138.0876
4630,USD_JPY,2022-12-20T14:00:00.000000000Z,132.2,132.538,130.566,131.158,131.167,1.9720000000000084,132.907,132.06,0.8470000000000084,-1,1,1,132.9917,132.56820000000002,133.58460000000002
4634,USD_JPY,2022-12-21T06:00:00.000000000Z,132.188,132.25,131.547,131.666,131.678,0.703000000000003,132.376,131.918,0.4579999999999984,-1,1,1,132.42180000000002,132.1928,132.7424
4646,USD_JPY,2022-12-23T06:00:00.000000000Z,132.711,132.754,132.44,132.594,132.603,0.31399999999999295,132.762,132.58,0.18199999999998795,-1,1,1,132.7802,132.6892,132.9076
4662,USD_JPY,2022-12-28T22:00:00.000000000Z,134.478,134.478,133.672,133.728,133.737,0.8060000000000116,134.5,134.066,0.4339999999999975,-1,1,1,134.5434,134.3264,134.8472
4670,USD_JPY,2022-12-30T06:00:00.000000000Z,132.624,132.655,131.554,132.121,132.13,1.100999999999999,132.777,132.447,0.3299999999999841,-1,1,1,132.80999999999997,132.64499999999998,133.04099999999997
