,time,ticker,mid_o,mid_h,mid_l,mid_c,MA_8,MA_16,MA_32,MA_64,MA_128,MA_256
3499,2023-06-15T15:00:00.000000000Z,EUR_USD,1.09103,1.09358,1.09098,1.09328,1.0793007070707072,1.0793007070707072,1.0793007070707072,1.0793007070707072,1.0793007070707072,1.0793007070707072
3500,2023-06-15T16:00:00.000000000Z,EUR_USD,1.09327,1.09452,1.09322,1.09438,1.0794753535353536,1.0794753535353536,1.0794753535353536,1.0794753535353536,1.0794753535353536,1.0794753535353536
3501,2023-06-15T17:00:00.000000000Z,EUR_USD,1.09436,1.09502,1.09396,1.0943,1.0796634343434344,1.0796634343434344,1.0796634343434344,1.0796634343434344,1.0796634343434344,1.0796634343434344
3502,2023-06-15T18:00:00.000000000Z,EUR_USD,1.09432,1.09512,1.09416,1.09504,1.0798677777777779,1.0798677777777779,1.0798677777777779,1.0798677777777779,1.0798677777777779,1.0798677777777779
3503,2023-06-15T19:00:00.000000000Z,EUR_USD,1.09504,1.09527,1.09452,1.09478,1.080069393939394,1.080069393939394,1.080069393939394,1.080069393939394,1.080069393939394,1.080069393939394
3504,2023-06-15T20:00:00.000000000Z,EUR_USD,1.09476,1.09492,1.09452,1.09455,1.0802682828282828,1.0802682828282828,1.0802682828282828,1.0802682828282828,1.0802682828282828,1.0802682828282828
3505,2023-06-15T21:00:00.000000000Z,EUR_USD,1.09444,1.09456,1.09422,1.0943,1.0804634343434343,1.0804634343434343,1.0804634343434343,1.0804634343434343,1.0804634343434343,1.0804634343434343
3506,2023-06-15T22:00:00.000000000Z,EUR_USD,1.09439,1.09496,1.09439,1.09491,1.0806703030303029,1.0806703030303029,1.0806703030303029,1.0806703030303029,1.0806703030303029,1.0806703030303029
3507,2023-06-15T23:00:00.000000000Z,EUR_USD,1.09494,1.09514,1.09452,1.09455,1.080868181818182,1.080868181818182,1.080868181818182,1.080868181818182,1.080868181818182,1.080868181818182
3508,2023-06-16T00:00:00.000000000Z,EUR_USD,1.09456,1.09508,1.094,1.0942,1.0810653535353536,1.0810653535353536,1.0810653535353536,1.0810653535353536,1.0810653535353536,1.0810653535353536
3509,2023-06-16T01:00:00.000000000Z,EUR_USD,1.09422,1.09484,1.094,1.09434,1.0812657575757576,1.0812657575757576,1.0812657575757576,1.0812657575757576,1.0812657575757576,1.0812657575757576
3510,2023-06-16T02:00:00.000000000Z,EUR_USD,1.09437,1.09458,1.09356,1.09364,1.0814540404040405,1.0814540404040405,1.0814540404040405,1.0814540404040405,1.0814540404040405,1.0814540404040405
3511,2023-06-16T03:00:00.000000000Z,EUR_USD,1.09364,1.09424,1.09364,1.09382,1.081648787878788,1.081648787878788,1.081648787878788,1.081648787878788,1.081648787878788,1.081648787878788
3512,2023-06-16T04:00:00.000000000Z,EUR_USD,1.09384,1.09431,1.09366,1.09388,1.0818527272727272,1.0818527272727272,1.0818527272727272,1.0818527272727272,1.0818527272727272,1.0818527272727272
3513,2023-06-16T05:00:00.000000000Z,EUR_USD,1.09388,1.09452,1.09376,1.09398,1.0820559595959596,1.0820559595959596,1.0820559595959596,1.0820559595959596,1.0820559595959596,1.0820559595959596
3514,2023-06-16T06:00:00.000000000Z,EUR_USD,1.09399,1.09625,1.09393,1.09472,1.0822642424242426,1.0822642424242426,1.0822642424242426,1.0822642424242426,1.0822642424242426,1.0822642424242426
3515,2023-06-16T07:00:00.000000000Z,EUR_USD,1.09472,1.09522,1.09339,1.09428,1.0824680808080809,1.0824680808080809,1.0824680808080809,1.0824680808080809,1.0824680808080809,1.0824680808080809
3516,2023-06-16T08:00:00.000000000Z,EUR_USD,1.09424,1.09536,1.09382,1.09505,1.0826714141414142,1.0826714141414142,1.0826714141414142,1.0826714141414142,1.0826714141414142,1.0826714141414142
3517,2023-06-16T09:00:00.000000000Z,EUR_USD,1.09505,1.09513,1.09398,1.09494,1.0828736363636362,1.0828736363636362,1.0828736363636362,1.0828736363636362,1.0828736363636362,1.0828736363636362
3518,2023-06-16T10:00:00.000000000Z,EUR_USD,1.0949,1.09499,1.0943,1.09444,1.083050202020202,1.083050202020202,1.083050202020202,1.083050202020202,1.083050202020202,1.083050202020202
3519,2023-06-16T11:00:00.000000000Z,EUR_USD,1.09478,1.0966,1.09468,1.09604,1.0832352525252524,1.0832352525252524,1.0832352525252524,1.0832352525252524,1.0832352525252524,1.0832352525252524
3520,2023-06-16T12:00:00.000000000Z,EUR_USD,1.09602,1.09708,1.09475,1.0951,1.0834025252525252,1.0834025252525252,1.0834025252525252,1.0834025252525252,1.0834025252525252,1.0834025252525252
3521,2023-06-16T13:00:00.000000000Z,EUR_USD,1.0951,1.09584,1.09424,1.09534,1.0835849494949497,1.0835849494949497,1.0835849494949497,1.0835849494949497,1.0835849494949497,1.0835849494949497
3522,2023-06-16T14:00:00.000000000Z,EUR_USD,1.09578,1.09672,1.09178,1.09253,1.0837488888888889,1.0837488888888889,1.0837488888888889,1.0837488888888889,1.0837488888888889,1.0837488888888889
3523,2023-06-16T15:00:00.000000000Z,EUR_USD,1.09252,1.0932,1.09216,1.09242,1.0839084848484848,1.0839084848484848,1.0839084848484848,1.0839084848484848,1.0839084848484848,1.0839084848484848
3524,2023-06-16T16:00:00.000000000Z,EUR_USD,1.09242,1.0934,1.09242,1.09339,1.0840911111111111,1.0840911111111111,1.0840911111111111,1.0840911111111111,1.0840911111111111,1.0840911111111111
3525,2023-06-16T17:00:00.000000000Z,EUR_USD,1.0934,1.09398,1.09322,1.09394,1.0842852525252524,1.0842852525252524,1.0842852525252524,1.0842852525252524,1.0842852525252524,1.0842852525252524
3526,2023-06-16T18:00:00.000000000Z,EUR_USD,1.09392,1.09456,1.09374,1.09446,1.0844857575757576,1.0844857575757576,1.0844857575757576,1.0844857575757576,1.0844857575757576,1.0844857575757576
3527,2023-06-16T19:00:00.000000000Z,EUR_USD,1.09444,1.09444,1.09347,1.09352,1.0846742424242424,1.0846742424242424,1.0846742424242424,1.0846742424242424,1.0846742424242424,1.0846742424242424
3528,2023-06-16T20:00:00.000000000Z,EUR_USD,1.09354,1.09425,1.09348,1.09416,1.0848641414141413,1.0848641414141413,1.0848641414141413,1.0848641414141413,1.0848641414141413,1.0848641414141413
3529,2023-06-18T21:00:00.000000000Z,EUR_USD,1.09422,1.09422,1.09334,1.09408,1.0850508080808081,1.0850508080808081,1.0850508080808081,1.0850508080808081,1.0850508080808081,1.0850508080808081
3530,2023-06-18T22:00:00.000000000Z,EUR_USD,1.09398,1.09435,1.09373,1.0943,1.0852356565656565,1.0852356565656565,1.0852356565656565,1.0852356565656565,1.0852356565656565,1.0852356565656565
3531,2023-06-18T23:00:00.000000000Z,EUR_USD,1.09431,1.09432,1.09388,1.09398,1.085419292929293,1.085419292929293,1.085419292929293,1.085419292929293,1.085419292929293,1.085419292929293
3532,2023-06-19T00:00:00.000000000Z,EUR_USD,1.09398,1.09463,1.09348,1.09368,1.0856001010101008,1.0856001010101008,1.0856001010101008,1.0856001010101008,1.0856001010101008,1.0856001010101008
3533,2023-06-19T01:00:00.000000000Z,EUR_USD,1.0937,1.09406,1.09336,1.09368,1.0857784848484848,1.0857784848484848,1.0857784848484848,1.0857784848484848,1.0857784848484848,1.0857784848484848
3534,2023-06-19T02:00:00.000000000Z,EUR_USD,1.09366,1.09408,1.09363,1.09364,1.0859544444444444,1.0859544444444444,1.0859544444444444,1.0859544444444444,1.0859544444444444,1.0859544444444444
3535,2023-06-19T03:00:00.000000000Z,EUR_USD,1.09364,1.09381,1.0934,1.09369,1.0861325252525251,1.0861325252525251,1.0861325252525251,1.0861325252525251,1.0861325252525251,1.0861325252525251
3536,2023-06-19T04:00:00.000000000Z,EUR_USD,1.0937,1.09371,1.09322,1.09347,1.0863012121212121,1.0863012121212121,1.0863012121212121,1.0863012121212121,1.0863012121212121,1.0863012121212121
3537,2023-06-19T05:00:00.000000000Z,EUR_USD,1.09348,1.09414,1.09318,1.09402,1.0864686868686868,1.0864686868686868,1.0864686868686868,1.0864686868686868,1.0864686868686868,1.0864686868686868
3538,2023-06-19T06:00:00.000000000Z,EUR_USD,1.09402,1.09403,1.09276,1.09295,1.086620606060606,1.086620606060606,1.086620606060606,1.086620606060606,1.086620606060606,1.086620606060606
3539,2023-06-19T07:00:00.000000000Z,EUR_USD,1.09298,1.09376,1.09252,1.09294,1.086769292929293,1.086769292929293,1.086769292929293,1.086769292929293,1.086769292929293,1.086769292929293
3540,2023-06-19T08:00:00.000000000Z,EUR_USD,1.09294,1.09388,1.0927,1.09296,1.0869175757575757,1.0869175757575757,1.0869175757575757,1.0869175757575757,1.0869175757575757,1.0869175757575757
3541,2023-06-19T09:00:00.000000000Z,EUR_USD,1.09296,1.09297,1.091,1.09107,1.0870366666666667,1.0870366666666667,1.0870366666666667,1.0870366666666667,1.0870366666666667,1.0870366666666667
3542,2023-06-19T10:00:00.000000000Z,EUR_USD,1.09108,1.09198,1.09072,1.09198,1.0871579797979798,1.0871579797979798,1.0871579797979798,1.0871579797979798,1.0871579797979798,1.0871579797979798
3543,2023-06-19T11:00:00.000000000Z,EUR_USD,1.09198,1.09274,1.0917,1.09214,1.0872731313131314,1.0872731313131314,1.0872731313131314,1.0872731313131314,1.0872731313131314,1.0872731313131314
3544,2023-06-19T12:00:00.000000000Z,EUR_USD,1.09214,1.09295,1.09195,1.09261,1.0873947474747474,1.0873947474747474,1.0873947474747474,1.0873947474747474,1.0873947474747474,1.0873947474747474
3545,2023-06-19T13:00:00.000000000Z,EUR_USD,1.0926,1.09262,1.0917,1.09184,1.0875156565656565,1.0875156565656565,1.0875156565656565,1.0875156565656565,1.0875156565656565,1.0875156565656565
3546,2023-06-19T14:00:00.000000000Z,EUR_USD,1.09185,1.09263,1.09124,1.09229,1.0876456565656567,1.0876456565656567,1.0876456565656567,1.0876456565656567,1.0876456565656567,1.0876456565656567
3547,2023-06-19T15:00:00.000000000Z,EUR_USD,1.0923,1.0929,1.09212,1.09218,1.0877543434343435,1.0877543434343435,1.0877543434343435,1.0877543434343435,1.0877543434343435,1.0877543434343435
3548,2023-06-19T16:00:00.000000000Z,EUR_USD,1.0922,1.09263,1.09158,1.09162,1.0878777777777777,1.0878777777777777,1.0878777777777777,1.0878777777777777,1.0878777777777777,1.0878777777777777
3549,2023-06-19T17:00:00.000000000Z,EUR_USD,1.09162,1.09193,1.09158,1.09176,1.0879945454545454,1.0879945454545454,1.0879945454545454,1.0879945454545454,1.0879945454545454,1.0879945454545454
3550,2023-06-19T18:00:00.000000000Z,EUR_USD,1.09176,1.0921,1.09162,1.09194,1.0881240404040404,1.0881240404040404,1.0881240404040404,1.0881240404040404,1.0881240404040404,1.0881240404040404
3551,2023-06-19T19:00:00.000000000Z,EUR_USD,1.09194,1.09209,1.09182,1.09184,1.0882412121212122,1.0882412121212122,1.0882412121212122,1.0882412121212122,1.0882412121212122,1.0882412121212122
3552,2023-06-19T20:00:00.000000000Z,EUR_USD,1.09184,1.09228,1.09174,1.0921,1.0883745454545455,1.0883745454545455,1.0883745454545455,1.0883745454545455,1.0883745454545455,1.0883745454545455
3553,2023-06-19T21:00:00.000000000Z,EUR_USD,1.09226,1.09248,1.09206,1.09229,1.088508585858586,1.088508585858586,1.088508585858586,1.088508585858586,1.088508585858586,1.088508585858586
3554,2023-06-19T22:00:00.000000000Z,EUR_USD,1.0923,1.09264,1.09222,1.0923,1.0886411111111112,1.0886411111111112,1.0886411111111112,1.0886411111111112,1.0886411111111112,1.0886411111111112
3555,2023-06-19T23:00:00.000000000Z,EUR_USD,1.09229,1.09248,1.0919,1.09236,1.0887727272727272,1.0887727272727272,1.0887727272727272,1.0887727272727272,1.0887727272727272,1.0887727272727272
3556,2023-06-20T00:00:00.000000000Z,EUR_USD,1.09236,1.09262,1.0917,1.09204,1.0889042424242423,1.0889042424242423,1.0889042424242423,1.0889042424242423,1.0889042424242423,1.0889042424242423
3557,2023-06-20T01:00:00.000000000Z,EUR_USD,1.09201,1.09224,1.0911,1.09134,1.0890271717171718,1.0890271717171718,1.0890271717171718,1.0890271717171718,1.0890271717171718,1.0890271717171718
3558,2023-06-20T02:00:00.000000000Z,EUR_USD,1.09131,1.09238,1.09106,1.09224,1.0891613131313131,1.0891613131313131,1.0891613131313131,1.0891613131313131,1.0891613131313131,1.0891613131313131
3559,2023-06-20T03:00:00.000000000Z,EUR_USD,1.09224,1.09239,1.0919,1.09198,1.089292222222222,1.089292222222222,1.089292222222222,1.089292222222222,1.089292222222222,1.089292222222222
3560,2023-06-20T04:00:00.000000000Z,EUR_USD,1.09197,1.09204,1.09129,1.09138,1.0894133333333333,1.0894133333333333,1.0894133333333333,1.0894133333333333,1.0894133333333333,1.0894133333333333
3561,2023-06-20T05:00:00.000000000Z,EUR_USD,1.09138,1.09262,1.09118,1.09262,1.0895449494949494,1.0895449494949494,1.0895449494949494,1.0895449494949494,1.0895449494949494,1.0895449494949494
3562,2023-06-20T06:00:00.000000000Z,EUR_USD,1.09262,1.09324,1.09197,1.09217,1.0896779797979799,1.0896779797979799,1.0896779797979799,1.0896779797979799,1.0896779797979799,1.0896779797979799
3563,2023-06-20T07:00:00.000000000Z,EUR_USD,1.09214,1.09462,1.09152,1.09439,1.0898336363636363,1.0898336363636363,1.0898336363636363,1.0898336363636363,1.0898336363636363,1.0898336363636363
3564,2023-06-20T08:00:00.000000000Z,EUR_USD,1.09437,1.09448,1.09318,1.0938,1.0899970707070707,1.0899970707070707,1.0899970707070707,1.0899970707070707,1.0899970707070707,1.0899970707070707
3565,2023-06-20T09:00:00.000000000Z,EUR_USD,1.09379,1.09401,1.09228,1.09252,1.0901382828282828,1.0901382828282828,1.0901382828282828,1.0901382828282828,1.0901382828282828,1.0901382828282828
3566,2023-06-20T10:00:00.000000000Z,EUR_USD,1.0925,1.09344,1.09248,1.09282,1.0902782828282827,1.0902782828282827,1.0902782828282827,1.0902782828282827,1.0902782828282827,1.0902782828282827
3567,2023-06-20T11:00:00.000000000Z,EUR_USD,1.09282,1.09322,1.0922,1.09288,1.0904062626262627,1.0904062626262627,1.0904062626262627,1.0904062626262627,1.0904062626262627,1.0904062626262627
3568,2023-06-20T12:00:00.000000000Z,EUR_USD,1.0929,1.09358,1.09121,1.09194,1.0905222222222222,1.0905222222222222,1.0905222222222222,1.0905222222222222,1.0905222222222222,1.0905222222222222
3569,2023-06-20T13:00:00.000000000Z,EUR_USD,1.09192,1.09246,1.09063,1.09167,1.0906334343434345,1.0906334343434345,1.0906334343434345,1.0906334343434345,1.0906334343434345,1.0906334343434345
3570,2023-06-20T14:00:00.000000000Z,EUR_USD,1.09166,1.09208,1.08922,1.09016,1.0907326262626262,1.0907326262626262,1.0907326262626262,1.0907326262626262,1.0907326262626262,1.0907326262626262
3571,2023-06-20T15:00:00.000000000Z,EUR_USD,1.09014,1.09098,1.08996,1.08998,1.0908019191919192,1.0908019191919192,1.0908019191919192,1.0908019191919192,1.0908019191919192,1.0908019191919192
3572,2023-06-20T16:00:00.000000000Z,EUR_USD,1.09,1.09162,1.08956,1.0915,1.0908728282828282,1.0908728282828282,1.0908728282828282,1.0908728282828282,1.0908728282828282,1.0908728282828282
3573,2023-06-20T17:00:00.000000000Z,EUR_USD,1.0915,1.09172,1.09122,1.09157,1.0909333333333333,1.0909333333333333,1.0909333333333333,1.0909333333333333,1.0909333333333333,1.0909333333333333
3574,2023-06-20T18:00:00.000000000Z,EUR_USD,1.09158,1.09176,1.09116,1.09171,1.0909930303030304,1.0909930303030304,1.0909930303030304,1.0909930303030304,1.0909930303030304,1.0909930303030304
3575,2023-06-20T19:00:00.000000000Z,EUR_USD,1.0917,1.09176,1.09098,1.09128,1.0910439393939395,1.0910439393939395,1.0910439393939395,1.0910439393939395,1.0910439393939395,1.0910439393939395
3576,2023-06-20T20:00:00.000000000Z,EUR_USD,1.09128,1.0918,1.09122,1.09179,1.091107474747475,1.091107474747475,1.091107474747475,1.091107474747475,1.091107474747475,1.091107474747475
3577,2023-06-20T21:00:00.000000000Z,EUR_USD,1.09164,1.09218,1.09164,1.0918,1.0911921212121212,1.0911921212121212,1.0911921212121212,1.0911921212121212,1.0911921212121212,1.0911921212121212
3578,2023-06-20T22:00:00.000000000Z,EUR_USD,1.0918,1.09206,1.09176,1.09198,1.0912860606060606,1.0912860606060606,1.0912860606060606,1.0912860606060606,1.0912860606060606,1.0912860606060606
3579,2023-06-20T23:00:00.000000000Z,EUR_USD,1.09197,1.09224,1.09184,1.092,1.0913753535353536,1.0913753535353536,1.0913753535353536,1.0913753535353536,1.0913753535353536,1.0913753535353536
3580,2023-06-21T00:00:00.000000000Z,EUR_USD,1.09198,1.09201,1.09146,1.0916,1.091459797979798,1.091459797979798,1.091459797979798,1.091459797979798,1.091459797979798,1.091459797979798
3581,2023-06-21T01:00:00.000000000Z,EUR_USD,1.09161,1.0917,1.09118,1.09141,1.0915423232323234,1.0915423232323234,1.0915423232323234,1.0915423232323234,1.0915423232323234,1.0915423232323234
3582,2023-06-21T02:00:00.000000000Z,EUR_USD,1.09141,1.09211,1.09118,1.09126,1.0916128282828284,1.0916128282828284,1.0916128282828284,1.0916128282828284,1.0916128282828284,1.0916128282828284
3583,2023-06-21T03:00:00.000000000Z,EUR_USD,1.09126,1.09162,1.09125,1.0915,1.091690404040404,1.091690404040404,1.091690404040404,1.091690404040404,1.091690404040404,1.091690404040404
3584,2023-06-21T04:00:00.000000000Z,EUR_USD,1.09151,1.09196,1.0914,1.09162,1.0917966666666665,1.0917966666666665,1.0917966666666665,1.0917966666666665,1.0917966666666665,1.0917966666666665
3585,2023-06-21T05:00:00.000000000Z,EUR_USD,1.09164,1.09176,1.09103,1.09123,1.0918965656565658,1.0918965656565658,1.0918965656565658,1.0918965656565658,1.0918965656565658,1.0918965656565658
3586,2023-06-21T06:00:00.000000000Z,EUR_USD,1.09117,1.09169,1.09058,1.09103,1.0919944444444445,1.0919944444444445,1.0919944444444445,1.0919944444444445,1.0919944444444445,1.0919944444444445
3587,2023-06-21T07:00:00.000000000Z,EUR_USD,1.09104,1.09199,1.09092,1.0913,1.0920968686868686,1.0920968686868686,1.0920968686868686,1.0920968686868686,1.0920968686868686,1.0920968686868686
3588,2023-06-21T08:00:00.000000000Z,EUR_USD,1.09128,1.09339,1.09094,1.0925,1.0922044444444443,1.0922044444444443,1.0922044444444443,1.0922044444444443,1.0922044444444443,1.0922044444444443
3589,2023-06-21T09:00:00.000000000Z,EUR_USD,1.09252,1.09298,1.09165,1.09167,1.0923116161616162,1.0923116161616162,1.0923116161616162,1.0923116161616162,1.0923116161616162,1.0923116161616162
3590,2023-06-21T10:00:00.000000000Z,EUR_USD,1.09166,1.0926,1.09136,1.09184,1.0924038383838384,1.0924038383838384,1.0924038383838384,1.0924038383838384,1.0924038383838384,1.0924038383838384
3591,2023-06-21T11:00:00.000000000Z,EUR_USD,1.09186,1.09269,1.09164,1.09245,1.0924964646464648,1.0924964646464648,1.0924964646464648,1.0924964646464648,1.0924964646464648,1.0924964646464648
3592,2023-06-21T12:00:00.000000000Z,EUR_USD,1.09242,1.09258,1.09082,1.09252,1.0925748484848485,1.0925748484848485,1.0925748484848485,1.0925748484848485,1.0925748484848485,1.0925748484848485
3593,2023-06-21T13:00:00.000000000Z,EUR_USD,1.0925,1.09309,1.09105,1.09266,1.09266,1.09266,1.09266,1.09266,1.09266,1.09266
3594,2023-06-21T14:00:00.000000000Z,EUR_USD,1.09266,1.09641,1.0923,1.09547,1.0927980808080808,1.0927980808080808,1.0927980808080808,1.0927980808080808,1.0927980808080808,1.0927980808080808
3595,2023-06-21T15:00:00.000000000Z,EUR_USD,1.09547,1.09564,1.09434,1.09508,1.0928854545454545,1.0928854545454545,1.0928854545454545,1.0928854545454545,1.0928854545454545,1.0928854545454545
3596,2023-06-21T16:00:00.000000000Z,EUR_USD,1.09506,1.09738,1.09497,1.09706,1.0929576767676767,1.0929576767676767,1.0929576767676767,1.0929576767676767,1.0929576767676767,1.0929576767676767
3597,2023-06-21T17:00:00.000000000Z,EUR_USD,1.09704,1.09794,1.09672,1.09774,1.0930251515151514,1.0930251515151514,1.0930251515151514,1.0930251515151514,1.0930251515151514,1.0930251515151514
3598,2023-06-21T18:00:00.000000000Z,EUR_USD,1.09774,1.09901,1.09762,1.09847,1.0930775757575757,1.0930775757575757,1.0930775757575757,1.0930775757575757,1.0930775757575757,1.0930775757575757
3599,2023-06-21T19:00:00.000000000Z,EUR_USD,1.09844,1.09895,1.09816,1.0988,1.093122222222222,1.093122222222222,1.093122222222222,1.093122222222222,1.093122222222222,1.093122222222222
3600,2023-06-21T20:00:00.000000000Z,EUR_USD,1.09878,1.09908,1.09851,1.09866,1.0931662626262626,1.0931662626262626,1.0931662626262626,1.0931662626262626,1.0931662626262626,1.0931662626262626
3601,2023-06-21T21:00:00.000000000Z,EUR_USD,1.09866,1.09869,1.09838,1.09856,1.0932018181818184,1.0932018181818184,1.0932018181818184,1.0932018181818184,1.0932018181818184,1.0932018181818184
3602,2023-06-21T22:00:00.000000000Z,EUR_USD,1.0984,1.09909,1.0984,1.09906,1.0932450505050506,1.0932450505050506,1.0932450505050506,1.0932450505050506,1.0932450505050506,1.0932450505050506
3603,2023-06-21T23:00:00.000000000Z,EUR_USD,1.09906,1.09924,1.09898,1.09916,1.093291616161616,1.093291616161616,1.093291616161616,1.093291616161616,1.093291616161616,1.093291616161616
3604,2023-06-22T00:00:00.000000000Z,EUR_USD,1.09918,1.09922,1.09866,1.09884,1.0933374747474747,1.0933374747474747,1.0933374747474747,1.0933374747474747,1.0933374747474747,1.0933374747474747
3605,2023-06-22T01:00:00.000000000Z,EUR_USD,1.09884,1.09951,1.09871,1.09938,1.0933826262626263,1.0933826262626263,1.0933826262626263,1.0933826262626263,1.0933826262626263,1.0933826262626263
3606,2023-06-22T02:00:00.000000000Z,EUR_USD,1.09936,1.09936,1.09884,1.09934,1.09343101010101,1.09343101010101,1.09343101010101,1.09343101010101,1.09343101010101,1.09343101010101
3607,2023-06-22T03:00:00.000000000Z,EUR_USD,1.09935,1.09946,1.09912,1.0993,1.093482525252525,1.093482525252525,1.093482525252525,1.093482525252525,1.093482525252525,1.093482525252525
3608,2023-06-22T04:00:00.000000000Z,EUR_USD,1.09931,1.0994,1.09866,1.09871,1.0935266666666668,1.0935266666666668,1.0935266666666668,1.0935266666666668,1.0935266666666668,1.0935266666666668
3609,2023-06-22T05:00:00.000000000Z,EUR_USD,1.09874,1.09905,1.09849,1.09858,1.0935765656565657,1.0935765656565657,1.0935765656565657,1.0935765656565657,1.0935765656565657,1.0935765656565657
3610,2023-06-22T06:00:00.000000000Z,EUR_USD,1.09862,1.09906,1.09808,1.09828,1.0936216161616161,1.0936216161616161,1.0936216161616161,1.0936216161616161,1.0936216161616161,1.0936216161616161
3611,2023-06-22T07:00:00.000000000Z,EUR_USD,1.09828,1.10001,1.09798,1.09944,1.0936777777777777,1.0936777777777777,1.0936777777777777,1.0936777777777777,1.0936777777777777,1.0936777777777777
3612,2023-06-22T08:00:00.000000000Z,EUR_USD,1.09944,1.10037,1.09875,1.0993,1.0937315151515152,1.0937315151515152,1.0937315151515152,1.0937315151515152,1.0937315151515152,1.0937315151515152
3613,2023-06-22T09:00:00.000000000Z,EUR_USD,1.0993,1.1004,1.09922,1.1002,1.0937868686868686,1.0937868686868686,1.0937868686868686,1.0937868686868686,1.0937868686868686,1.0937868686868686
3614,2023-06-22T10:00:00.000000000Z,EUR_USD,1.1002,1.10083,1.10004,1.10046,1.093849292929293,1.093849292929293,1.093849292929293,1.093849292929293,1.093849292929293,1.093849292929293
3615,2023-06-22T11:00:00.000000000Z,EUR_USD,1.10046,1.1012,1.0988,1.09892,1.093888383838384,1.093888383838384,1.093888383838384,1.093888383838384,1.093888383838384,1.093888383838384
3616,2023-06-22T12:00:00.000000000Z,EUR_USD,1.0989,1.1002,1.09802,1.09826,1.0939219191919192,1.0939219191919192,1.0939219191919192,1.0939219191919192,1.0939219191919192,1.0939219191919192
3617,2023-06-22T13:00:00.000000000Z,EUR_USD,1.09824,1.09852,1.09682,1.09812,1.0939590909090908,1.0939590909090908,1.0939590909090908,1.0939590909090908,1.0939590909090908,1.0939590909090908
3618,2023-06-22T14:00:00.000000000Z,EUR_USD,1.09812,1.09892,1.09584,1.09592,1.0939578787878788,1.0939578787878788,1.0939578787878788,1.0939578787878788,1.0939578787878788,1.0939578787878788
3619,2023-06-22T15:00:00.000000000Z,EUR_USD,1.09592,1.09668,1.09522,1.09527,1.093959595959596,1.093959595959596,1.093959595959596,1.093959595959596,1.093959595959596,1.093959595959596
3620,2023-06-22T16:00:00.000000000Z,EUR_USD,1.09526,1.0957,1.09485,1.09546,1.093960808080808,1.093960808080808,1.093960808080808,1.093960808080808,1.093960808080808,1.093960808080808
3621,2023-06-22T17:00:00.000000000Z,EUR_USD,1.09548,1.09582,1.095,1.09573,1.0939931313131313,1.0939931313131313,1.0939931313131313,1.0939931313131313,1.0939931313131313,1.0939931313131313
3622,2023-06-22T18:00:00.000000000Z,EUR_USD,1.09576,1.09604,1.09511,1.09591,1.0940283838383837,1.0940283838383837,1.0940283838383837,1.0940283838383837,1.0940283838383837,1.0940283838383837
3623,2023-06-22T19:00:00.000000000Z,EUR_USD,1.09592,1.09617,1.09544,1.09582,1.0940529292929293,1.0940529292929293,1.0940529292929293,1.0940529292929293,1.0940529292929293,1.0940529292929293
3624,2023-06-22T20:00:00.000000000Z,EUR_USD,1.09583,1.09586,1.09532,1.09558,1.094069494949495,1.094069494949495,1.094069494949495,1.094069494949495,1.094069494949495,1.094069494949495
3625,2023-06-22T21:00:00.000000000Z,EUR_USD,1.09584,1.09594,1.09552,1.09563,1.0940813131313132,1.0940813131313132,1.0940813131313132,1.0940813131313132,1.0940813131313132,1.0940813131313132
3626,2023-06-22T22:00:00.000000000Z,EUR_USD,1.09563,1.09563,1.09528,1.09534,1.0940996969696968,1.0940996969696968,1.0940996969696968,1.0940996969696968,1.0940996969696968,1.0940996969696968
3627,2023-06-22T23:00:00.000000000Z,EUR_USD,1.09537,1.09577,1.09534,1.09555,1.0941137373737373,1.0941137373737373,1.0941137373737373,1.0941137373737373,1.0941137373737373,1.0941137373737373
3628,2023-06-23T00:00:00.000000000Z,EUR_USD,1.09555,1.09587,1.09528,1.09553,1.094128383838384,1.094128383838384,1.094128383838384,1.094128383838384,1.094128383838384,1.094128383838384
3629,2023-06-23T01:00:00.000000000Z,EUR_USD,1.09552,1.09562,1.09458,1.09468,1.0941322222222223,1.0941322222222223,1.0941322222222223,1.0941322222222223,1.0941322222222223,1.0941322222222223
3630,2023-06-23T02:00:00.000000000Z,EUR_USD,1.09468,1.09468,1.09322,1.09386,1.09413101010101,1.09413101010101,1.09413101010101,1.09413101010101,1.09413101010101,1.09413101010101
3631,2023-06-23T03:00:00.000000000Z,EUR_USD,1.09386,1.09406,1.09348,1.09358,1.09413,1.09413,1.09413,1.09413,1.09413,1.09413
3632,2023-06-23T04:00:00.000000000Z,EUR_USD,1.09357,1.0937,1.09288,1.09332,1.0941263636363636,1.0941263636363636,1.0941263636363636,1.0941263636363636,1.0941263636363636,1.0941263636363636
3633,2023-06-23T05:00:00.000000000Z,EUR_USD,1.09331,1.09341,1.09273,1.09326,1.0941225252525253,1.0941225252525253,1.0941225252525253,1.0941225252525253,1.0941225252525253,1.0941225252525253
3634,2023-06-23T06:00:00.000000000Z,EUR_USD,1.09325,1.09334,1.09203,1.09232,1.094108686868687,1.094108686868687,1.094108686868687,1.094108686868687,1.094108686868687,1.094108686868687
3635,2023-06-23T07:00:00.000000000Z,EUR_USD,1.09229,1.09261,1.08536,1.0869,1.0940423232323233,1.0940423232323233,1.0940423232323233,1.0940423232323233,1.0940423232323233,1.0940423232323233
3636,2023-06-23T08:00:00.000000000Z,EUR_USD,1.08694,1.08746,1.08486,1.08491,1.093950303030303,1.093950303030303,1.093950303030303,1.093950303030303,1.093950303030303,1.093950303030303
3637,2023-06-23T09:00:00.000000000Z,EUR_USD,1.08491,1.08622,1.08444,1.08608,1.093880909090909,1.093880909090909,1.093880909090909,1.093880909090909,1.093880909090909,1.093880909090909
3638,2023-06-23T10:00:00.000000000Z,EUR_USD,1.0861,1.08724,1.08608,1.08682,1.0938190909090908,1.0938190909090908,1.0938190909090908,1.0938190909090908,1.0938190909090908,1.0938190909090908
3639,2023-06-23T11:00:00.000000000Z,EUR_USD,1.08682,1.08793,1.08662,1.08763,1.0937652525252526,1.0937652525252526,1.0937652525252526,1.0937652525252526,1.0937652525252526,1.0937652525252526
3640,2023-06-23T12:00:00.000000000Z,EUR_USD,1.08764,1.08958,1.08762,1.08874,1.0937417171717172,1.0937417171717172,1.0937417171717172,1.0937417171717172,1.0937417171717172,1.0937417171717172
3641,2023-06-23T13:00:00.000000000Z,EUR_USD,1.08874,1.09027,1.08832,1.08833,1.0937048484848486,1.0937048484848486,1.0937048484848486,1.0937048484848486,1.0937048484848486,1.0937048484848486
3642,2023-06-23T14:00:00.000000000Z,EUR_USD,1.08834,1.08988,1.0879,1.08826,1.0936656565656564,1.0936656565656564,1.0936656565656564,1.0936656565656564,1.0936656565656564,1.0936656565656564
3643,2023-06-23T15:00:00.000000000Z,EUR_USD,1.08824,1.08924,1.0879,1.08864,1.0936255555555556,1.0936255555555556,1.0936255555555556,1.0936255555555556,1.0936255555555556,1.0936255555555556
3644,2023-06-23T16:00:00.000000000Z,EUR_USD,1.08862,1.08898,1.08828,1.08858,1.0935926262626263,1.0935926262626263,1.0935926262626263,1.0935926262626263,1.0935926262626263,1.0935926262626263
3645,2023-06-23T17:00:00.000000000Z,EUR_USD,1.08858,1.08964,1.08858,1.08948,1.0935642424242422,1.0935642424242422,1.0935642424242422,1.0935642424242422,1.0935642424242422,1.0935642424242422
3646,2023-06-23T18:00:00.000000000Z,EUR_USD,1.08947,1.08951,1.08886,1.0892,1.0935341414141413,1.0935341414141413,1.0935341414141413,1.0935341414141413,1.0935341414141413,1.0935341414141413
3647,2023-06-23T19:00:00.000000000Z,EUR_USD,1.08918,1.08945,1.08872,1.08911,1.093508787878788,1.093508787878788,1.093508787878788,1.093508787878788,1.093508787878788,1.093508787878788
3648,2023-06-23T20:00:00.000000000Z,EUR_USD,1.08909,1.08966,1.08904,1.0896,1.0934869696969696,1.0934869696969696,1.0934869696969696,1.0934869696969696,1.0934869696969696,1.0934869696969696
3649,2023-06-25T21:00:00.000000000Z,EUR_USD,1.0899,1.09058,1.08979,1.09012,1.0934685858585858,1.0934685858585858,1.0934685858585858,1.0934685858585858,1.0934685858585858,1.0934685858585858
3650,2023-06-25T22:00:00.000000000Z,EUR_USD,1.09017,1.09073,1.08976,1.09068,1.0934568686868686,1.0934568686868686,1.0934568686868686,1.0934568686868686,1.0934568686868686,1.0934568686868686
3651,2023-06-25T23:00:00.000000000Z,EUR_USD,1.09064,1.09067,1.09032,1.09063,1.0934420202020203,1.0934420202020203,1.0934420202020203,1.0934420202020203,1.0934420202020203,1.0934420202020203
3652,2023-06-26T00:00:00.000000000Z,EUR_USD,1.09064,1.09095,1.0899,1.09052,1.0934241414141415,1.0934241414141415,1.0934241414141415,1.0934241414141415,1.0934241414141415,1.0934241414141415
3653,2023-06-26T01:00:00.000000000Z,EUR_USD,1.09057,1.09098,1.09018,1.0904,1.0934049494949496,1.0934049494949496,1.0934049494949496,1.0934049494949496,1.0934049494949496,1.0934049494949496
3654,2023-06-26T02:00:00.000000000Z,EUR_USD,1.09038,1.09092,1.09033,1.09049,1.0933860606060606,1.0933860606060606,1.0933860606060606,1.0933860606060606,1.0933860606060606,1.0933860606060606
3655,2023-06-26T03:00:00.000000000Z,EUR_USD,1.09048,1.09095,1.09039,1.09062,1.093371717171717,1.093371717171717,1.093371717171717,1.093371717171717,1.093371717171717,1.093371717171717
3656,2023-06-26T04:00:00.000000000Z,EUR_USD,1.0906,1.09083,1.08998,1.09026,1.093360808080808,1.093360808080808,1.093360808080808,1.093360808080808,1.093360808080808,1.093360808080808
3657,2023-06-26T05:00:00.000000000Z,EUR_USD,1.09025,1.091,1.09024,1.0907,1.0933452525252523,1.0933452525252523,1.0933452525252523,1.0933452525252523,1.0933452525252523,1.0933452525252523
3658,2023-06-26T06:00:00.000000000Z,EUR_USD,1.09069,1.09111,1.08977,1.09033,1.093328585858586,1.093328585858586,1.093328585858586,1.093328585858586,1.093328585858586,1.093328585858586
3659,2023-06-26T07:00:00.000000000Z,EUR_USD,1.09034,1.09086,1.08956,1.09023,1.0933169696969698,1.0933169696969698,1.0933169696969698,1.0933169696969698,1.0933169696969698,1.0933169696969698
3660,2023-06-26T08:00:00.000000000Z,EUR_USD,1.09018,1.09035,1.08874,1.08919,1.0932823232323232,1.0932823232323232,1.0932823232323232,1.0932823232323232,1.0932823232323232,1.0932823232323232
3661,2023-06-26T09:00:00.000000000Z,EUR_USD,1.08918,1.09012,1.08908,1.08967,1.0932570707070706,1.0932570707070706,1.0932570707070706,1.0932570707070706,1.0932570707070706,1.0932570707070706
3662,2023-06-26T10:00:00.000000000Z,EUR_USD,1.08966,1.09074,1.08941,1.09044,1.0932171717171717,1.0932171717171717,1.0932171717171717,1.0932171717171717,1.0932171717171717,1.0932171717171717
3663,2023-06-26T11:00:00.000000000Z,EUR_USD,1.09044,1.09181,1.09032,1.09178,1.0931967676767675,1.0931967676767675,1.0931967676767675,1.0931967676767675,1.0931967676767675,1.0931967676767675
3664,2023-06-26T12:00:00.000000000Z,EUR_USD,1.09178,1.09202,1.09142,1.09174,1.0931888888888888,1.0931888888888888,1.0931888888888888,1.0931888888888888,1.0931888888888888,1.0931888888888888
3665,2023-06-26T13:00:00.000000000Z,EUR_USD,1.09174,1.09202,1.0908,1.09128,1.0931733333333333,1.0931733333333333,1.0931733333333333,1.0931733333333333,1.0931733333333333,1.0931733333333333
3666,2023-06-26T14:00:00.000000000Z,EUR_USD,1.09128,1.09162,1.09028,1.09082,1.0931525252525252,1.0931525252525252,1.0931525252525252,1.0931525252525252,1.0931525252525252,1.0931525252525252
3667,2023-06-26T15:00:00.000000000Z,EUR_USD,1.09084,1.09178,1.09054,1.09094,1.0931424242424244,1.0931424242424244,1.0931424242424244,1.0931424242424244,1.0931424242424244,1.0931424242424244
3668,2023-06-26T16:00:00.000000000Z,EUR_USD,1.09094,1.091,1.09,1.09088,1.0931344444444444,1.0931344444444444,1.0931344444444444,1.0931344444444444,1.0931344444444444,1.0931344444444444
3669,2023-06-26T17:00:00.000000000Z,EUR_USD,1.09088,1.09132,1.09064,1.091,1.0931429292929293,1.0931429292929293,1.0931429292929293,1.0931429292929293,1.0931429292929293,1.0931429292929293
3670,2023-06-26T18:00:00.000000000Z,EUR_USD,1.09102,1.09154,1.09086,1.09149,1.093158181818182,1.093158181818182,1.093158181818182,1.093158181818182,1.093158181818182,1.093158181818182
3671,2023-06-26T19:00:00.000000000Z,EUR_USD,1.09149,1.09152,1.09042,1.09062,1.093149292929293,1.093149292929293,1.093149292929293,1.093149292929293,1.093149292929293,1.093149292929293
3672,2023-06-26T20:00:00.000000000Z,EUR_USD,1.09062,1.09086,1.0904,1.0905,1.0931384848484849,1.0931384848484849,1.0931384848484849,1.0931384848484849,1.0931384848484849,1.0931384848484849
3673,2023-06-26T21:00:00.000000000Z,EUR_USD,1.09074,1.09098,1.09062,1.09073,1.0931285858585857,1.0931285858585857,1.0931285858585857,1.0931285858585857,1.0931285858585857,1.0931285858585857
3674,2023-06-26T22:00:00.000000000Z,EUR_USD,1.09072,1.09122,1.09069,1.0911,1.0931267676767678,1.0931267676767678,1.0931267676767678,1.0931267676767678,1.0931267676767678,1.0931267676767678
3675,2023-06-26T23:00:00.000000000Z,EUR_USD,1.0911,1.09112,1.09076,1.09098,1.093118585858586,1.093118585858586,1.093118585858586,1.093118585858586,1.093118585858586,1.093118585858586
3676,2023-06-27T00:00:00.000000000Z,EUR_USD,1.09099,1.09114,1.0902,1.09046,1.0931050505050506,1.0931050505050506,1.0931050505050506,1.0931050505050506,1.0931050505050506,1.0931050505050506
3677,2023-06-27T01:00:00.000000000Z,EUR_USD,1.09046,1.09352,1.09038,1.0924,1.0931092929292927,1.0931092929292927,1.0931092929292927,1.0931092929292927,1.0931092929292927,1.0931092929292927
3678,2023-06-27T02:00:00.000000000Z,EUR_USD,1.0924,1.09244,1.09177,1.0923,1.0931123232323232,1.0931123232323232,1.0931123232323232,1.0931123232323232,1.0931123232323232,1.0931123232323232
3679,2023-06-27T03:00:00.000000000Z,EUR_USD,1.09228,1.09292,1.09216,1.09268,1.0931232323232323,1.0931232323232323,1.0931232323232323,1.0931232323232323,1.0931232323232323,1.0931232323232323
3680,2023-06-27T04:00:00.000000000Z,EUR_USD,1.09267,1.09288,1.09231,1.09232,1.0931324242424243,1.0931324242424243,1.0931324242424243,1.0931324242424243,1.0931324242424243,1.0931324242424243
3681,2023-06-27T05:00:00.000000000Z,EUR_USD,1.09234,1.09273,1.09174,1.09178,1.0931376767676768,1.0931376767676768,1.0931376767676768,1.0931376767676768,1.0931376767676768,1.0931376767676768
3682,2023-06-27T06:00:00.000000000Z,EUR_USD,1.09176,1.09336,1.09162,1.09311,1.0931539393939393,1.0931539393939393,1.0931539393939393,1.0931539393939393,1.0931539393939393,1.0931539393939393
3683,2023-06-27T07:00:00.000000000Z,EUR_USD,1.09312,1.09416,1.09294,1.09395,1.0931774747474747,1.0931774747474747,1.0931774747474747,1.0931774747474747,1.0931774747474747,1.0931774747474747
3684,2023-06-27T08:00:00.000000000Z,EUR_USD,1.09394,1.09439,1.09347,1.09396,1.0932050505050506,1.0932050505050506,1.0932050505050506,1.0932050505050506,1.0932050505050506,1.0932050505050506
3685,2023-06-27T09:00:00.000000000Z,EUR_USD,1.09394,1.09448,1.09262,1.0941,1.0932360606060605,1.0932360606060605,1.0932360606060605,1.0932360606060605,1.0932360606060605,1.0932360606060605
3686,2023-06-27T10:00:00.000000000Z,EUR_USD,1.0941,1.09528,1.09385,1.09516,1.0932750505050504,1.0932750505050504,1.0932750505050504,1.0932750505050504,1.0932750505050504,1.0932750505050504
3687,2023-06-27T11:00:00.000000000Z,EUR_USD,1.09518,1.09524,1.09428,1.09446,1.0932948484848486,1.0932948484848486,1.0932948484848486,1.0932948484848486,1.0932948484848486,1.0932948484848486
3688,2023-06-27T12:00:00.000000000Z,EUR_USD,1.09444,1.09722,1.09444,1.09653,1.0933439393939393,1.0933439393939393,1.0933439393939393,1.0933439393939393,1.0933439393939393,1.0933439393939393
3689,2023-06-27T13:00:00.000000000Z,EUR_USD,1.09655,1.09766,1.09616,1.0966,1.0933920202020202,1.0933920202020202,1.0933920202020202,1.0933920202020202,1.0933920202020202,1.0933920202020202
3690,2023-06-27T14:00:00.000000000Z,EUR_USD,1.09661,1.09688,1.09424,1.0949,1.0934167676767677,1.0934167676767677,1.0934167676767677,1.0934167676767677,1.0934167676767677,1.0934167676767677
3691,2023-06-27T15:00:00.000000000Z,EUR_USD,1.09492,1.0963,1.09458,1.096,1.0934519191919192,1.0934519191919192,1.0934519191919192,1.0934519191919192,1.0934519191919192,1.0934519191919192
3692,2023-06-27T16:00:00.000000000Z,EUR_USD,1.096,1.09656,1.09572,1.09589,1.0934845454545454,1.0934845454545454,1.0934845454545454,1.0934845454545454,1.0934845454545454,1.0934845454545454
3693,2023-06-27T17:00:00.000000000Z,EUR_USD,1.09588,1.0964,1.0955,1.0962,1.093491919191919,1.093491919191919,1.093491919191919,1.093491919191919,1.093491919191919,1.093491919191919
3694,2023-06-27T18:00:00.000000000Z,EUR_USD,1.0962,1.09626,1.09582,1.09598,1.09350101010101,1.09350101010101,1.09350101010101,1.09350101010101,1.09350101010101,1.09350101010101
3695,2023-06-27T19:00:00.000000000Z,EUR_USD,1.09598,1.0964,1.09594,1.09626,1.0934929292929292,1.0934929292929292,1.0934929292929292,1.0934929292929292,1.0934929292929292,1.0934929292929292
3696,2023-06-27T20:00:00.000000000Z,EUR_USD,1.09626,1.09634,1.09597,1.09608,1.0934761616161615,1.0934761616161615,1.0934761616161615,1.0934761616161615,1.0934761616161615,1.0934761616161615
3697,2023-06-27T21:00:00.000000000Z,EUR_USD,1.09604,1.0963,1.09592,1.09609,1.0934521212121213,1.0934521212121213,1.0934521212121213,1.0934521212121213,1.0934521212121213,1.0934521212121213
3698,2023-06-27T22:00:00.000000000Z,EUR_USD,1.0961,1.09627,1.09564,1.09573,1.0934211111111112,1.0934211111111112,1.0934211111111112,1.0934211111111112,1.0934211111111112,1.0934211111111112
3699,2023-06-27T23:00:00.000000000Z,EUR_USD,1.09573,1.09586,1.09548,1.09575,1.0933917171717171,1.0933917171717171,1.0933917171717171,1.0933917171717171,1.0933917171717171,1.0933917171717171
3700,2023-06-28T00:00:00.000000000Z,EUR_USD,1.09576,1.09614,1.09528,1.09548,1.093360606060606,1.093360606060606,1.093360606060606,1.093360606060606,1.093360606060606,1.093360606060606
3701,2023-06-28T01:00:00.000000000Z,EUR_USD,1.0955,1.09563,1.09462,1.09463,1.0933158585858587,1.0933158585858587,1.0933158585858587,1.0933158585858587,1.0933158585858587,1.0933158585858587
3702,2023-06-28T02:00:00.000000000Z,EUR_USD,1.09463,1.09508,1.09422,1.09491,1.0932729292929293,1.0932729292929293,1.0932729292929293,1.0932729292929293,1.0932729292929293,1.0932729292929293
3703,2023-06-28T03:00:00.000000000Z,EUR_USD,1.09491,1.09546,1.09486,1.0951,1.0932351515151515,1.0932351515151515,1.0932351515151515,1.0932351515151515,1.0932351515151515,1.0932351515151515
3704,2023-06-28T04:00:00.000000000Z,EUR_USD,1.09514,1.09536,1.09464,1.09487,1.0931895959595959,1.0931895959595959,1.0931895959595959,1.0931895959595959,1.0931895959595959,1.0931895959595959
3705,2023-06-28T05:00:00.000000000Z,EUR_USD,1.09488,1.09548,1.09468,1.09534,1.0931491919191918,1.0931491919191918,1.0931491919191918,1.0931491919191918,1.0931491919191918,1.0931491919191918
3706,2023-06-28T06:00:00.000000000Z,EUR_USD,1.09534,1.09549,1.09361,1.09381,1.0930937373737373,1.0930937373737373,1.0930937373737373,1.0930937373737373,1.0930937373737373,1.0930937373737373
3707,2023-06-28T07:00:00.000000000Z,EUR_USD,1.09382,1.0957,1.09382,1.09528,1.093059090909091,1.093059090909091,1.093059090909091,1.093059090909091,1.093059090909091,1.093059090909091
3708,2023-06-28T08:00:00.000000000Z,EUR_USD,1.0953,1.09606,1.09454,1.0953,1.0930259595959595,1.0930259595959595,1.0930259595959595,1.0930259595959595,1.0930259595959595,1.0930259595959595
3709,2023-06-28T09:00:00.000000000Z,EUR_USD,1.09524,1.0959,1.09444,1.09476,1.0929904040404042,1.0929904040404042,1.0929904040404042,1.0929904040404042,1.0929904040404042,1.0929904040404042
3710,2023-06-28T10:00:00.000000000Z,EUR_USD,1.09477,1.09623,1.09454,1.09544,1.09295,1.09295,1.09295,1.09295,1.09295,1.09295
3711,2023-06-28T11:00:00.000000000Z,EUR_USD,1.09542,1.09557,1.09378,1.09404,1.0928968686868685,1.0928968686868685,1.0928968686868685,1.0928968686868685,1.0928968686868685,1.0928968686868685
3712,2023-06-28T12:00:00.000000000Z,EUR_USD,1.09406,1.09448,1.09261,1.09278,1.092821919191919,1.092821919191919,1.092821919191919,1.092821919191919,1.092821919191919,1.092821919191919
3713,2023-06-28T13:00:00.000000000Z,EUR_USD,1.09278,1.09444,1.09237,1.09347,1.0927513131313131,1.0927513131313131,1.0927513131313131,1.0927513131313131,1.0927513131313131,1.0927513131313131
3714,2023-06-28T14:00:00.000000000Z,EUR_USD,1.09347,1.09368,1.08968,1.08988,1.09266,1.09266,1.09266,1.09266,1.09266,1.09266
3715,2023-06-28T15:00:00.000000000Z,EUR_USD,1.08986,1.09172,1.08981,1.09036,1.092580202020202,1.092580202020202,1.092580202020202,1.092580202020202,1.092580202020202,1.092580202020202
3716,2023-06-28T16:00:00.000000000Z,EUR_USD,1.09032,1.09185,1.09032,1.09109,1.092509191919192,1.092509191919192,1.092509191919192,1.092509191919192,1.092509191919192,1.092509191919192
3717,2023-06-28T17:00:00.000000000Z,EUR_USD,1.09108,1.09178,1.09099,1.0915,1.0924645454545454,1.0924645454545454,1.0924645454545454,1.0924645454545454,1.0924645454545454,1.0924645454545454
3718,2023-06-28T18:00:00.000000000Z,EUR_USD,1.0915,1.0924,1.0915,1.09224,1.0924339393939393,1.0924339393939393,1.0924339393939393,1.0924339393939393,1.0924339393939393,1.0924339393939393
3719,2023-06-28T19:00:00.000000000Z,EUR_USD,1.09225,1.09225,1.09139,1.0916,1.0923949494949494,1.0923949494949494,1.0923949494949494,1.0923949494949494,1.0923949494949494,1.0923949494949494
3720,2023-06-28T20:00:00.000000000Z,EUR_USD,1.09161,1.0917,1.09113,1.09128,1.09235,1.09235,1.09235,1.09235,1.09235,1.09235
3721,2023-06-28T21:00:00.000000000Z,EUR_USD,1.09138,1.09162,1.09134,1.0914,1.0923044444444445,1.0923044444444445,1.0923044444444445,1.0923044444444445,1.0923044444444445,1.0923044444444445
3722,2023-06-28T22:00:00.000000000Z,EUR_USD,1.09146,1.09154,1.09138,1.0914,1.0922597979797979,1.0922597979797979,1.0922597979797979,1.0922597979797979,1.0922597979797979,1.0922597979797979
3723,2023-06-28T23:00:00.000000000Z,EUR_USD,1.0914,1.09189,1.0914,1.09152,1.092218787878788,1.092218787878788,1.092218787878788,1.092218787878788,1.092218787878788,1.092218787878788
3724,2023-06-29T00:00:00.000000000Z,EUR_USD,1.09153,1.09163,1.09012,1.0907,1.09216898989899,1.09216898989899,1.09216898989899,1.09216898989899,1.09216898989899,1.09216898989899
3725,2023-06-29T01:00:00.000000000Z,EUR_USD,1.09071,1.09147,1.09059,1.09065,1.0921216161616163,1.0921216161616163,1.0921216161616163,1.0921216161616163,1.0921216161616163,1.0921216161616163
3726,2023-06-29T02:00:00.000000000Z,EUR_USD,1.09064,1.09067,1.08931,1.08934,1.092058888888889,1.092058888888889,1.092058888888889,1.092058888888889,1.092058888888889,1.092058888888889
3727,2023-06-29T03:00:00.000000000Z,EUR_USD,1.08936,1.08958,1.08905,1.0893,1.0919959595959594,1.0919959595959594,1.0919959595959594,1.0919959595959594,1.0919959595959594,1.0919959595959594
3728,2023-06-29T04:00:00.000000000Z,EUR_USD,1.08931,1.08934,1.08808,1.08854,1.0919339393939393,1.0919339393939393,1.0919339393939393,1.0919339393939393,1.0919339393939393,1.0919339393939393
3729,2023-06-29T05:00:00.000000000Z,EUR_USD,1.08856,1.08947,1.08842,1.08942,1.0918890909090908,1.0918890909090908,1.0918890909090908,1.0918890909090908,1.0918890909090908,1.0918890909090908
3730,2023-06-29T06:00:00.000000000Z,EUR_USD,1.0894,1.09002,1.08898,1.08975,1.091850404040404,1.091850404040404,1.091850404040404,1.091850404040404,1.091850404040404,1.091850404040404
3731,2023-06-29T07:00:00.000000000Z,EUR_USD,1.08978,1.09206,1.08978,1.09167,1.0918337373737372,1.0918337373737372,1.0918337373737372,1.0918337373737372,1.0918337373737372,1.0918337373737372
3732,2023-06-29T08:00:00.000000000Z,EUR_USD,1.09162,1.09219,1.09106,1.09144,1.0918153535353536,1.0918153535353536,1.0918153535353536,1.0918153535353536,1.0918153535353536,1.0918153535353536
3733,2023-06-29T09:00:00.000000000Z,EUR_USD,1.09148,1.09194,1.09116,1.09167,1.0918087878787879,1.0918087878787879,1.0918087878787879,1.0918087878787879,1.0918087878787879,1.0918087878787879
3734,2023-06-29T10:00:00.000000000Z,EUR_USD,1.09168,1.09278,1.09164,1.09278,1.0918681818181817,1.0918681818181817,1.0918681818181817,1.0918681818181817,1.0918681818181817,1.0918681818181817
3735,2023-06-29T11:00:00.000000000Z,EUR_USD,1.09278,1.09398,1.09259,1.09387,1.0919586868686868,1.0919586868686868,1.0919586868686868,1.0919586868686868,1.0919586868686868,1.0919586868686868
3736,2023-06-29T12:00:00.000000000Z,EUR_USD,1.09386,1.09414,1.08734,1.0881,1.091979090909091,1.091979090909091,1.091979090909091,1.091979090909091,1.091979090909091,1.091979090909091
3737,2023-06-29T13:00:00.000000000Z,EUR_USD,1.08812,1.08854,1.08603,1.0869,1.091979898989899,1.091979898989899,1.091979898989899,1.091979898989899,1.091979898989899,1.091979898989899
3738,2023-06-29T14:00:00.000000000Z,EUR_USD,1.08692,1.0894,1.08691,1.08896,1.0919933333333334,1.0919933333333334,1.0919933333333334,1.0919933333333334,1.0919933333333334,1.0919933333333334
3739,2023-06-29T15:00:00.000000000Z,EUR_USD,1.08894,1.08968,1.08788,1.08804,1.0919862626262626,1.0919862626262626,1.0919862626262626,1.0919862626262626,1.0919862626262626,1.0919862626262626
3740,2023-06-29T16:00:00.000000000Z,EUR_USD,1.08804,1.08837,1.08688,1.08708,1.0919736363636363,1.0919736363636363,1.0919736363636363,1.0919736363636363,1.0919736363636363,1.0919736363636363
3741,2023-06-29T17:00:00.000000000Z,EUR_USD,1.08708,1.08752,1.08683,1.08724,1.0919633333333334,1.0919633333333334,1.0919633333333334,1.0919633333333334,1.0919633333333334,1.0919633333333334
3742,2023-06-29T18:00:00.000000000Z,EUR_USD,1.08723,1.08726,1.08657,1.0867,1.0919437373737373,1.0919437373737373,1.0919437373737373,1.0919437373737373,1.0919437373737373,1.0919437373737373
3743,2023-06-29T19:00:00.000000000Z,EUR_USD,1.08671,1.08721,1.08666,1.08692,1.0919269696969696,1.0919269696969696,1.0919269696969696,1.0919269696969696,1.0919269696969696,1.0919269696969696
3744,2023-06-29T20:00:00.000000000Z,EUR_USD,1.08693,1.08696,1.08639,1.08644,1.0918962626262627,1.0918962626262627,1.0918962626262627,1.0918962626262627,1.0918962626262627,1.0918962626262627
3745,2023-06-29T21:00:00.000000000Z,EUR_USD,1.0865,1.0867,1.0864,1.08645,1.091868484848485,1.091868484848485,1.091868484848485,1.091868484848485,1.091868484848485,1.091868484848485
3746,2023-06-29T22:00:00.000000000Z,EUR_USD,1.08646,1.0867,1.08624,1.08657,1.0918428282828283,1.0918428282828283,1.0918428282828283,1.0918428282828283,1.0918428282828283,1.0918428282828283
3747,2023-06-29T23:00:00.000000000Z,EUR_USD,1.08656,1.08682,1.08645,1.08674,1.0918139393939394,1.0918139393939394,1.0918139393939394,1.0918139393939394,1.0918139393939394,1.0918139393939394
3748,2023-06-30T00:00:00.000000000Z,EUR_USD,1.08676,1.0874,1.08635,1.08722,1.0917846464646466,1.0917846464646466,1.0917846464646466,1.0917846464646466,1.0917846464646466,1.0917846464646466
3749,2023-06-30T01:00:00.000000000Z,EUR_USD,1.08724,1.08754,1.08602,1.08616,1.09173898989899,1.09173898989899,1.09173898989899,1.09173898989899,1.09173898989899,1.09173898989899
3750,2023-06-30T02:00:00.000000000Z,EUR_USD,1.08613,1.08716,1.08612,1.08666,1.0916988888888888,1.0916988888888888,1.0916988888888888,1.0916988888888888,1.0916988888888888,1.0916988888888888
3751,2023-06-30T03:00:00.000000000Z,EUR_USD,1.08662,1.08752,1.08658,1.08716,1.0916649494949493,1.0916649494949493,1.0916649494949493,1.0916649494949493,1.0916649494949493,1.0916649494949493
3752,2023-06-30T04:00:00.000000000Z,EUR_USD,1.08714,1.08738,1.0868,1.087,1.091630606060606,1.091630606060606,1.091630606060606,1.091630606060606,1.091630606060606,1.091630606060606
3753,2023-06-30T05:00:00.000000000Z,EUR_USD,1.087,1.08756,1.0867,1.08698,1.0915951515151516,1.0915951515151516,1.0915951515151516,1.0915951515151516,1.0915951515151516,1.0915951515151516
3754,2023-06-30T06:00:00.000000000Z,EUR_USD,1.08694,1.08698,1.08568,1.08642,1.0915527272727272,1.0915527272727272,1.0915527272727272,1.0915527272727272,1.0915527272727272,1.0915527272727272
3755,2023-06-30T07:00:00.000000000Z,EUR_USD,1.08638,1.08694,1.08534,1.08565,1.0915061616161617,1.0915061616161617,1.0915061616161617,1.0915061616161617,1.0915061616161617,1.0915061616161617
3756,2023-06-30T08:00:00.000000000Z,EUR_USD,1.08566,1.08568,1.08354,1.0839,1.0914374747474749,1.0914374747474749,1.0914374747474749,1.0914374747474749,1.0914374747474749,1.0914374747474749
3757,2023-06-30T09:00:00.000000000Z,EUR_USD,1.0837,1.08495,1.0836,1.08456,1.0913791919191917,1.0913791919191917,1.0913791919191917,1.0913791919191917,1.0913791919191917,1.0913791919191917
3758,2023-06-30T10:00:00.000000000Z,EUR_USD,1.08456,1.08539,1.0841,1.08534,1.091329797979798,1.091329797979798,1.091329797979798,1.091329797979798,1.091329797979798,1.091329797979798
3759,2023-06-30T11:00:00.000000000Z,EUR_USD,1.08534,1.08593,1.08492,1.08536,1.0912911111111112,1.0912911111111112,1.0912911111111112,1.0912911111111112,1.0912911111111112,1.0912911111111112
3760,2023-06-30T12:00:00.000000000Z,EUR_USD,1.0854,1.08978,1.08532,1.08972,1.0912916161616162,1.0912916161616162,1.0912916161616162,1.0912916161616162,1.0912916161616162,1.0912916161616162
3761,2023-06-30T13:00:00.000000000Z,EUR_USD,1.0897,1.09169,1.08964,1.09146,1.0913019191919193,1.0913019191919193,1.0913019191919193,1.0913019191919193,1.0913019191919193,1.0913019191919193
3762,2023-06-30T14:00:00.000000000Z,EUR_USD,1.09146,1.09318,1.09087,1.09104,1.0912944444444446,1.0912944444444446,1.0912944444444446,1.0912944444444446,1.0912944444444446,1.0912944444444446
3763,2023-06-30T15:00:00.000000000Z,EUR_USD,1.09103,1.09195,1.09066,1.09192,1.0912962626262626,1.0912962626262626,1.0912962626262626,1.0912962626262626,1.0912962626262626,1.0912962626262626
3764,2023-06-30T16:00:00.000000000Z,EUR_USD,1.0919,1.09226,1.09121,1.09184,1.0913019191919193,1.0913019191919193,1.0913019191919193,1.0913019191919193,1.0913019191919193,1.0913019191919193
3765,2023-06-30T17:00:00.000000000Z,EUR_USD,1.09186,1.0923,1.09098,1.09118,1.0913055555555555,1.0913055555555555,1.0913055555555555,1.0913055555555555,1.0913055555555555,1.0913055555555555
3766,2023-06-30T18:00:00.000000000Z,EUR_USD,1.09118,1.0916,1.09105,1.0911,1.0913071717171716,1.0913071717171716,1.0913071717171716,1.0913071717171716,1.0913071717171716,1.0913071717171716
3767,2023-06-30T19:00:00.000000000Z,EUR_USD,1.09114,1.09148,1.09094,1.0913,1.0913114141414142,1.0913114141414142,1.0913114141414142,1.0913114141414142,1.0913114141414142,1.0913114141414142
3768,2023-06-30T20:00:00.000000000Z,EUR_USD,1.09132,1.09132,1.0908,1.0911,1.0913124242424241,1.0913124242424241,1.0913124242424241,1.0913124242424241,1.0913124242424241,1.0913124242424241
3769,2023-07-02T21:00:00.000000000Z,EUR_USD,1.0911,1.09131,1.09084,1.09084,1.0913058585858586,1.0913058585858586,1.0913058585858586,1.0913058585858586,1.0913058585858586,1.0913058585858586
3770,2023-07-02T22:00:00.000000000Z,EUR_USD,1.09076,1.09135,1.09076,1.09095,1.091309191919192,1.091309191919192,1.091309191919192,1.091309191919192,1.091309191919192,1.091309191919192
3771,2023-07-02T23:00:00.000000000Z,EUR_USD,1.09095,1.09104,1.09066,1.09074,1.091311616161616,1.091311616161616,1.091311616161616,1.091311616161616,1.091311616161616,1.091311616161616
3772,2023-07-03T00:00:00.000000000Z,EUR_USD,1.09076,1.09098,1.09006,1.09016,1.0913058585858586,1.0913058585858586,1.0913058585858586,1.0913058585858586,1.0913058585858586,1.0913058585858586
3773,2023-07-03T01:00:00.000000000Z,EUR_USD,1.09016,1.09178,1.09012,1.09092,1.0913040404040404,1.0913040404040404,1.0913040404040404,1.0913040404040404,1.0913040404040404,1.0913040404040404
3774,2023-07-03T02:00:00.000000000Z,EUR_USD,1.09095,1.09107,1.09064,1.09076,1.0913018181818182,1.0913018181818182,1.0913018181818182,1.0913018181818182,1.0913018181818182,1.0913018181818182
3775,2023-07-03T03:00:00.000000000Z,EUR_USD,1.09076,1.09138,1.09065,1.09128,1.091310101010101,1.091310101010101,1.091310101010101,1.091310101010101,1.091310101010101,1.091310101010101
3776,2023-07-03T04:00:00.000000000Z,EUR_USD,1.09128,1.09183,1.09126,1.09176,1.0913036363636364,1.0913036363636364,1.0913036363636364,1.0913036363636364,1.0913036363636364,1.0913036363636364
3777,2023-07-03T05:00:00.000000000Z,EUR_USD,1.09174,1.09183,1.09032,1.09034,1.0912838383838384,1.0912838383838384,1.0912838383838384,1.0912838383838384,1.0912838383838384,1.0912838383838384
3778,2023-07-03T06:00:00.000000000Z,EUR_USD,1.09034,1.09069,1.08882,1.08902,1.0912468686868686,1.0912468686868686,1.0912468686868686,1.0912468686868686,1.0912468686868686,1.0912468686868686
3779,2023-07-03T07:00:00.000000000Z,EUR_USD,1.08902,1.08908,1.08704,1.08754,1.0911985858585858,1.0911985858585858,1.0911985858585858,1.0911985858585858,1.0911985858585858,1.0911985858585858
3780,2023-07-03T08:00:00.000000000Z,EUR_USD,1.08754,1.08892,1.08732,1.08864,1.0911668686868687,1.0911668686868687,1.0911668686868687,1.0911668686868687,1.0911668686868687,1.0911668686868687
3781,2023-07-03T09:00:00.000000000Z,EUR_USD,1.08864,1.08919,1.08761,1.08901,1.0911254545454545,1.0911254545454545,1.0911254545454545,1.0911254545454545,1.0911254545454545,1.0911254545454545
3782,2023-07-03T10:00:00.000000000Z,EUR_USD,1.089,1.08961,1.08815,1.08922,1.0910776767676769,1.0910776767676769,1.0910776767676769,1.0910776767676769,1.0910776767676769,1.0910776767676769
3783,2023-07-03T11:00:00.000000000Z,EUR_USD,1.0892,1.0905,1.08874,1.08992,1.0910368686868686,1.0910368686868686,1.0910368686868686,1.0910368686868686,1.0910368686868686,1.0910368686868686
3784,2023-07-03T12:00:00.000000000Z,EUR_USD,1.08989,1.09103,1.08938,1.09088,1.0910043434343433,1.0910043434343433,1.0910043434343433,1.0910043434343433,1.0910043434343433,1.0910043434343433
3785,2023-07-03T13:00:00.000000000Z,EUR_USD,1.0909,1.09206,1.09044,1.09134,1.0909657575757576,1.0909657575757576,1.0909657575757576,1.0909657575757576,1.0909657575757576,1.0909657575757576
3786,2023-07-03T14:00:00.000000000Z,EUR_USD,1.09162,1.09341,1.09028,1.09068,1.0909275757575758,1.0909275757575758,1.0909275757575758,1.0909275757575758,1.0909275757575758,1.0909275757575758
3787,2023-07-03T15:00:00.000000000Z,EUR_USD,1.09068,1.0923,1.0902,1.09181,1.0908798989898991,1.0908798989898991,1.0908798989898991,1.0908798989898991,1.0908798989898991,1.0908798989898991
3788,2023-07-03T16:00:00.000000000Z,EUR_USD,1.09179,1.09214,1.09136,1.09158,1.090829191919192,1.090829191919192,1.090829191919192,1.090829191919192,1.090829191919192,1.090829191919192
3789,2023-07-03T17:00:00.000000000Z,EUR_USD,1.0916,1.09166,1.09084,1.09084,1.0907881818181817,1.0907881818181817,1.0907881818181817,1.0907881818181817,1.0907881818181817,1.0907881818181817
3790,2023-07-03T18:00:00.000000000Z,EUR_USD,1.09086,1.09128,1.09086,1.09118,1.0907394949494948,1.0907394949494948,1.0907394949494948,1.0907394949494948,1.0907394949494948,1.0907394949494948
3791,2023-07-03T19:00:00.000000000Z,EUR_USD,1.09118,1.09119,1.09094,1.09094,1.090689494949495,1.090689494949495,1.090689494949495,1.090689494949495,1.090689494949495,1.090689494949495
3792,2023-07-03T20:00:00.000000000Z,EUR_USD,1.09094,1.09146,1.0909,1.09144,1.0906414141414142,1.0906414141414142,1.0906414141414142,1.0906414141414142,1.0906414141414142,1.0906414141414142
3793,2023-07-03T21:00:00.000000000Z,EUR_USD,1.09121,1.09141,1.09108,1.09117,1.0905928282828283,1.0905928282828283,1.0905928282828283,1.0905928282828283,1.0905928282828283,1.0905928282828283
3794,2023-07-03T22:00:00.000000000Z,EUR_USD,1.09118,1.09154,1.09118,1.09126,1.0905423232323233,1.0905423232323233,1.0905423232323233,1.0905423232323233,1.0905423232323233,1.0905423232323233
3795,2023-07-03T23:00:00.000000000Z,EUR_USD,1.0913,1.0915,1.09122,1.09129,1.0904939393939395,1.0904939393939395,1.0904939393939395,1.0904939393939395,1.0904939393939395,1.0904939393939395
3796,2023-07-04T00:00:00.000000000Z,EUR_USD,1.0913,1.09137,1.09088,1.09098,1.0904423232323233,1.0904423232323233,1.0904423232323233,1.0904423232323233,1.0904423232323233,1.0904423232323233
3797,2023-07-04T01:00:00.000000000Z,EUR_USD,1.09102,1.09165,1.09083,1.09108,1.0903953535353534,1.0903953535353534,1.0903953535353534,1.0903953535353534,1.0903953535353534,1.0903953535353534
3798,2023-07-04T02:00:00.000000000Z,EUR_USD,1.09108,1.09114,1.09026,1.09058,1.0903431313131313,1.0903431313131313,1.0903431313131313,1.0903431313131313,1.0903431313131313,1.0903431313131313
3799,2023-07-04T03:00:00.000000000Z,EUR_USD,1.09058,1.09092,1.09042,1.09045,1.0902923232323232,1.0902923232323232,1.0902923232323232,1.0902923232323232,1.0902923232323232,1.0902923232323232
3800,2023-07-04T04:00:00.000000000Z,EUR_USD,1.09046,1.09056,1.09006,1.09007,1.0902462626262626,1.0902462626262626,1.0902462626262626,1.0902462626262626,1.0902462626262626,1.0902462626262626
3801,2023-07-04T05:00:00.000000000Z,EUR_USD,1.09005,1.09012,1.08942,1.08954,1.0901920202020203,1.0901920202020203,1.0901920202020203,1.0901920202020203,1.0901920202020203,1.0901920202020203
3802,2023-07-04T06:00:00.000000000Z,EUR_USD,1.08959,1.09148,1.08954,1.09148,1.0901554545454544,1.0901554545454544,1.0901554545454544,1.0901554545454544,1.0901554545454544,1.0901554545454544
3803,2023-07-04T07:00:00.000000000Z,EUR_USD,1.09148,1.09148,1.08962,1.0903,1.0901092929292928,1.0901092929292928,1.0901092929292928,1.0901092929292928,1.0901092929292928,1.0901092929292928
3804,2023-07-04T08:00:00.000000000Z,EUR_USD,1.0903,1.09046,1.0892,1.08956,1.0900509090909092,1.0900509090909092,1.0900509090909092,1.0900509090909092,1.0900509090909092,1.0900509090909092
3805,2023-07-04T09:00:00.000000000Z,EUR_USD,1.08956,1.09031,1.08944,1.08984,1.090010808080808,1.090010808080808,1.090010808080808,1.090010808080808,1.090010808080808,1.090010808080808
3806,2023-07-04T10:00:00.000000000Z,EUR_USD,1.08985,1.09038,1.08955,1.0896,1.0899534343434343,1.0899534343434343,1.0899534343434343,1.0899534343434343,1.0899534343434343,1.0899534343434343
3807,2023-07-04T11:00:00.000000000Z,EUR_USD,1.08961,1.09022,1.08898,1.08984,1.0898982828282828,1.0898982828282828,1.0898982828282828,1.0898982828282828,1.0898982828282828,1.0898982828282828
3808,2023-07-04T12:00:00.000000000Z,EUR_USD,1.08982,1.09012,1.08938,1.09008,1.08985101010101,1.08985101010101,1.08985101010101,1.08985101010101,1.08985101010101,1.08985101010101
3809,2023-07-04T13:00:00.000000000Z,EUR_USD,1.09007,1.09013,1.0896,1.08998,1.0897958585858587,1.0897958585858587,1.0897958585858587,1.0897958585858587,1.0897958585858587,1.0897958585858587
3810,2023-07-04T14:00:00.000000000Z,EUR_USD,1.09,1.09076,1.08984,1.0902,1.0897570707070707,1.0897570707070707,1.0897570707070707,1.0897570707070707,1.0897570707070707,1.0897570707070707
3811,2023-07-04T15:00:00.000000000Z,EUR_USD,1.09019,1.09027,1.08965,1.09011,1.089730101010101,1.089730101010101,1.089730101010101,1.089730101010101,1.089730101010101,1.089730101010101
3812,2023-07-04T16:00:00.000000000Z,EUR_USD,1.09011,1.09013,1.0892,1.08945,1.089689494949495,1.089689494949495,1.089689494949495,1.089689494949495,1.089689494949495,1.089689494949495
3813,2023-07-04T17:00:00.000000000Z,EUR_USD,1.08946,1.08972,1.08931,1.0894,1.0896846464646464,1.0896846464646464,1.0896846464646464,1.0896846464646464,1.0896846464646464,1.0896846464646464
3814,2023-07-04T18:00:00.000000000Z,EUR_USD,1.08938,1.08962,1.0887,1.08873,1.089668181818182,1.089668181818182,1.089668181818182,1.089668181818182,1.089668181818182,1.089668181818182
3815,2023-07-04T19:00:00.000000000Z,EUR_USD,1.08874,1.08878,1.08809,1.08836,1.089640606060606,1.089640606060606,1.089640606060606,1.089640606060606,1.089640606060606,1.089640606060606
3816,2023-07-04T20:00:00.000000000Z,EUR_USD,1.08834,1.08838,1.08768,1.0878,1.0896032323232323,1.0896032323232323,1.0896032323232323,1.0896032323232323,1.0896032323232323,1.0896032323232323
3817,2023-07-04T21:00:00.000000000Z,EUR_USD,1.08824,1.08838,1.08787,1.08793,1.089559696969697,1.089559696969697,1.089559696969697,1.089559696969697,1.089559696969697,1.089559696969697
3818,2023-07-04T22:00:00.000000000Z,EUR_USD,1.08792,1.08818,1.08774,1.08806,1.0895239393939393,1.0895239393939393,1.0895239393939393,1.0895239393939393,1.0895239393939393,1.0895239393939393
3819,2023-07-04T23:00:00.000000000Z,EUR_USD,1.08808,1.08832,1.08796,1.08824,1.0894932323232323,1.0894932323232323,1.0894932323232323,1.0894932323232323,1.0894932323232323,1.0894932323232323
3820,2023-07-05T00:00:00.000000000Z,EUR_USD,1.08826,1.0891,1.08826,1.08867,1.0894656565656564,1.0894656565656564,1.0894656565656564,1.0894656565656564,1.0894656565656564,1.0894656565656564
3821,2023-07-05T01:00:00.000000000Z,EUR_USD,1.08867,1.08872,1.08763,1.0877,1.0894282828282829,1.0894282828282829,1.0894282828282829,1.0894282828282829,1.0894282828282829,1.0894282828282829
3822,2023-07-05T02:00:00.000000000Z,EUR_USD,1.08769,1.08784,1.0875,1.08782,1.089390909090909,1.089390909090909,1.089390909090909,1.089390909090909,1.089390909090909,1.089390909090909
3823,2023-07-05T03:00:00.000000000Z,EUR_USD,1.08783,1.08794,1.08753,1.08776,1.0893612121212122,1.0893612121212122,1.0893612121212122,1.0893612121212122,1.0893612121212122,1.0893612121212122
3824,2023-07-05T04:00:00.000000000Z,EUR_USD,1.08776,1.08776,1.08752,1.08758,1.089330202020202,1.089330202020202,1.089330202020202,1.089330202020202,1.089330202020202,1.089330202020202
3825,2023-07-05T05:00:00.000000000Z,EUR_USD,1.08758,1.08841,1.08678,1.08814,1.0893180808080807,1.0893180808080807,1.0893180808080807,1.0893180808080807,1.0893180808080807,1.0893180808080807
3826,2023-07-05T06:00:00.000000000Z,EUR_USD,1.08817,1.0889,1.08716,1.08826,1.0893075757575759,1.0893075757575759,1.0893075757575759,1.0893075757575759,1.0893075757575759,1.0893075757575759
3827,2023-07-05T07:00:00.000000000Z,EUR_USD,1.08827,1.0908,1.08824,1.08868,1.0893089898989898,1.0893089898989898,1.0893089898989898,1.0893089898989898,1.0893089898989898,1.0893089898989898
3828,2023-07-05T08:00:00.000000000Z,EUR_USD,1.08866,1.08944,1.08664,1.08881,1.0893028282828283,1.0893028282828283,1.0893028282828283,1.0893028282828283,1.0893028282828283,1.0893028282828283
3829,2023-07-05T09:00:00.000000000Z,EUR_USD,1.0888,1.08958,1.08754,1.08943,1.089299595959596,1.089299595959596,1.089299595959596,1.089299595959596,1.089299595959596,1.089299595959596
3830,2023-07-05T10:00:00.000000000Z,EUR_USD,1.08942,1.0895,1.08774,1.08782,1.089260707070707,1.089260707070707,1.089260707070707,1.089260707070707,1.089260707070707,1.089260707070707
3831,2023-07-05T11:00:00.000000000Z,EUR_USD,1.08781,1.08824,1.08754,1.08792,1.0892251515151514,1.0892251515151514,1.0892251515151514,1.0892251515151514,1.0892251515151514,1.0892251515151514
3832,2023-07-05T12:00:00.000000000Z,EUR_USD,1.08791,1.09022,1.08757,1.08942,1.0892024242424243,1.0892024242424243,1.0892024242424243,1.0892024242424243,1.0892024242424243,1.0892024242424243
3833,2023-07-05T13:00:00.000000000Z,EUR_USD,1.08946,1.09014,1.08857,1.08916,1.0891658585858586,1.0891658585858586,1.0891658585858586,1.0891658585858586,1.0891658585858586,1.0891658585858586
3834,2023-07-05T14:00:00.000000000Z,EUR_USD,1.08918,1.08952,1.0867,1.08738,1.089100303030303,1.089100303030303,1.089100303030303,1.089100303030303,1.089100303030303,1.089100303030303
3835,2023-07-05T15:00:00.000000000Z,EUR_USD,1.08738,1.08772,1.08649,1.08672,1.0890863636363637,1.0890863636363637,1.0890863636363637,1.0890863636363637,1.0890863636363637,1.0890863636363637
3836,2023-07-05T16:00:00.000000000Z,EUR_USD,1.08672,1.08672,1.0859,1.08608,1.0890780808080809,1.0890780808080809,1.0890780808080809,1.0890780808080809,1.0890780808080809,1.0890780808080809
3837,2023-07-05T17:00:00.000000000Z,EUR_USD,1.08609,1.0864,1.08583,1.08602,1.089048383838384,1.089048383838384,1.089048383838384,1.089048383838384,1.089048383838384,1.089048383838384
3838,2023-07-05T18:00:00.000000000Z,EUR_USD,1.086,1.08656,1.0851,1.08536,1.0890213131313131,1.0890213131313131,1.0890213131313131,1.0890213131313131,1.0890213131313131,1.0890213131313131
3839,2023-07-05T19:00:00.000000000Z,EUR_USD,1.08538,1.08569,1.08526,1.08552,1.0890055555555556,1.0890055555555556,1.0890055555555556,1.0890055555555556,1.0890055555555556,1.0890055555555556
3840,2023-07-05T20:00:00.000000000Z,EUR_USD,1.08552,1.08558,1.0853,1.08534,1.0889863636363637,1.0889863636363637,1.0889863636363637,1.0889863636363637,1.0889863636363637,1.0889863636363637
3841,2023-07-05T21:00:00.000000000Z,EUR_USD,1.08574,1.08576,1.08541,1.08569,1.0889761616161615,1.0889761616161615,1.0889761616161615,1.0889761616161615,1.0889761616161615,1.0889761616161615
3842,2023-07-05T22:00:00.000000000Z,EUR_USD,1.08567,1.08572,1.08528,1.0853,1.088959797979798,1.088959797979798,1.088959797979798,1.088959797979798,1.088959797979798,1.088959797979798
3843,2023-07-05T23:00:00.000000000Z,EUR_USD,1.08532,1.08564,1.08521,1.08554,1.0889507070707072,1.0889507070707072,1.0889507070707072,1.0889507070707072,1.0889507070707072,1.0889507070707072
3844,2023-07-06T00:00:00.000000000Z,EUR_USD,1.08555,1.08562,1.08464,1.0849,1.0889350505050506,1.0889350505050506,1.0889350505050506,1.0889350505050506,1.0889350505050506,1.0889350505050506
3845,2023-07-06T01:00:00.000000000Z,EUR_USD,1.0849,1.08508,1.08428,1.08501,1.088919292929293,1.088919292929293,1.088919292929293,1.088919292929293,1.088919292929293,1.088919292929293
3846,2023-07-06T02:00:00.000000000Z,EUR_USD,1.085,1.08537,1.0846,1.08472,1.088898888888889,1.088898888888889,1.088898888888889,1.088898888888889,1.088898888888889,1.088898888888889
3847,2023-07-06T03:00:00.000000000Z,EUR_USD,1.0847,1.0847,1.08399,1.08402,1.0888665656565657,1.0888665656565657,1.0888665656565657,1.0888665656565657,1.0888665656565657,1.0888665656565657
3848,2023-07-06T04:00:00.000000000Z,EUR_USD,1.08398,1.08437,1.08338,1.08433,1.0888480808080807,1.0888480808080807,1.0888480808080807,1.0888480808080807,1.0888480808080807,1.0888480808080807
3849,2023-07-06T05:00:00.000000000Z,EUR_USD,1.08432,1.08564,1.08418,1.08553,1.0888366666666667,1.0888366666666667,1.0888366666666667,1.0888366666666667,1.0888366666666667,1.0888366666666667
3850,2023-07-06T06:00:00.000000000Z,EUR_USD,1.08554,1.08693,1.08532,1.08672,1.0888322222222222,1.0888322222222222,1.0888322222222222,1.0888322222222222,1.0888322222222222,1.0888322222222222
3851,2023-07-06T07:00:00.000000000Z,EUR_USD,1.08673,1.08753,1.08523,1.08558,1.0888178787878788,1.0888178787878788,1.0888178787878788,1.0888178787878788,1.0888178787878788,1.0888178787878788
3852,2023-07-06T08:00:00.000000000Z,EUR_USD,1.08556,1.08656,1.08455,1.08641,1.0888121212121211,1.0888121212121211,1.0888121212121211,1.0888121212121211,1.0888121212121211,1.0888121212121211
3853,2023-07-06T09:00:00.000000000Z,EUR_USD,1.08642,1.08687,1.08601,1.08617,1.088809595959596,1.088809595959596,1.088809595959596,1.088809595959596,1.088809595959596,1.088809595959596
3854,2023-07-06T10:00:00.000000000Z,EUR_USD,1.08616,1.08902,1.08614,1.08868,1.088840202020202,1.088840202020202,1.088840202020202,1.088840202020202,1.088840202020202,1.088840202020202
3855,2023-07-06T11:00:00.000000000Z,EUR_USD,1.08868,1.0898,1.08834,1.08954,1.0888971717171718,1.0888971717171718,1.0888971717171718,1.0888971717171718,1.0888971717171718,1.0888971717171718
3856,2023-07-06T12:00:00.000000000Z,EUR_USD,1.0895,1.09006,1.08584,1.0874,1.0889258585858588,1.0889258585858588,1.0889258585858588,1.0889258585858588,1.0889258585858588,1.0889258585858588
3857,2023-07-06T13:00:00.000000000Z,EUR_USD,1.08743,1.08878,1.08674,1.08834,1.0889561616161616,1.0889561616161616,1.0889561616161616,1.0889561616161616,1.0889561616161616,1.0889561616161616
3858,2023-07-06T14:00:00.000000000Z,EUR_USD,1.08771,1.08789,1.08336,1.08682,1.088970909090909,1.088970909090909,1.088970909090909,1.088970909090909,1.088970909090909,1.088970909090909
3859,2023-07-06T15:00:00.000000000Z,EUR_USD,1.08682,1.08782,1.08584,1.08726,1.0889460606060606,1.0889460606060606,1.0889460606060606,1.0889460606060606,1.0889460606060606,1.0889460606060606
3860,2023-07-06T16:00:00.000000000Z,EUR_USD,1.0873,1.0886,1.08708,1.08726,1.0889036363636362,1.0889036363636362,1.0889036363636362,1.0889036363636362,1.0889036363636362,1.0889036363636362
3861,2023-07-06T17:00:00.000000000Z,EUR_USD,1.08728,1.08823,1.08724,1.0882,1.0888749494949495,1.0888749494949495,1.0888749494949495,1.0888749494949495,1.0888749494949495,1.0888749494949495
3862,2023-07-06T18:00:00.000000000Z,EUR_USD,1.0882,1.08858,1.08774,1.08808,1.0888361616161617,1.0888361616161617,1.0888361616161617,1.0888361616161617,1.0888361616161617,1.0888361616161617
3863,2023-07-06T19:00:00.000000000Z,EUR_USD,1.0881,1.0889,1.0881,1.08883,1.0888057575757575,1.0888057575757575,1.0888057575757575,1.0888057575757575,1.0888057575757575,1.0888057575757575
3864,2023-07-06T20:00:00.000000000Z,EUR_USD,1.08882,1.08924,1.08853,1.08921,1.0887858585858585,1.0887858585858585,1.0887858585858585,1.0887858585858585,1.0887858585858585,1.0887858585858585
3865,2023-07-06T21:00:00.000000000Z,EUR_USD,1.08892,1.08896,1.08871,1.08894,1.0887640404040404,1.0887640404040404,1.0887640404040404,1.0887640404040404,1.0887640404040404,1.0887640404040404
3866,2023-07-06T22:00:00.000000000Z,EUR_USD,1.08896,1.08914,1.08894,1.08914,1.0887422222222223,1.0887422222222223,1.0887422222222223,1.0887422222222223,1.0887422222222223,1.0887422222222223
3867,2023-07-06T23:00:00.000000000Z,EUR_USD,1.08913,1.08949,1.08896,1.08896,1.088720606060606,1.088720606060606,1.088720606060606,1.088720606060606,1.088720606060606,1.088720606060606
3868,2023-07-07T00:00:00.000000000Z,EUR_USD,1.08894,1.08912,1.08824,1.08852,1.0886971717171716,1.0886971717171716,1.0886971717171716,1.0886971717171716,1.0886971717171716,1.0886971717171716
3869,2023-07-07T01:00:00.000000000Z,EUR_USD,1.0885,1.08914,1.08848,1.0887,1.0886744444444443,1.0886744444444443,1.0886744444444443,1.0886744444444443,1.0886744444444443,1.0886744444444443
3870,2023-07-07T02:00:00.000000000Z,EUR_USD,1.08871,1.08886,1.08835,1.08861,1.0886529292929292,1.0886529292929292,1.0886529292929292,1.0886529292929292,1.0886529292929292,1.0886529292929292
3871,2023-07-07T03:00:00.000000000Z,EUR_USD,1.08862,1.08916,1.08861,1.08878,1.0886389898989899,1.0886389898989899,1.0886389898989899,1.0886389898989899,1.0886389898989899,1.0886389898989899
3872,2023-07-07T04:00:00.000000000Z,EUR_USD,1.08879,1.08954,1.08856,1.08912,1.0886208080808082,1.0886208080808082,1.0886208080808082,1.0886208080808082,1.0886208080808082,1.0886208080808082
3873,2023-07-07T05:00:00.000000000Z,EUR_USD,1.08912,1.08963,1.08865,1.08874,1.088600404040404,1.088600404040404,1.088600404040404,1.088600404040404,1.088600404040404,1.088600404040404
3874,2023-07-07T06:00:00.000000000Z,EUR_USD,1.08877,1.09004,1.08812,1.08831,1.088570404040404,1.088570404040404,1.088570404040404,1.088570404040404,1.088570404040404,1.088570404040404
3875,2023-07-07T07:00:00.000000000Z,EUR_USD,1.0883,1.0891,1.08716,1.08762,1.0885285858585858,1.0885285858585858,1.0885285858585858,1.0885285858585858,1.0885285858585858,1.0885285858585858
3876,2023-07-07T08:00:00.000000000Z,EUR_USD,1.08761,1.0881,1.0867,1.0878,1.0885029292929294,1.0885029292929294,1.0885029292929294,1.0885029292929294,1.0885029292929294,1.0885029292929294
3877,2023-07-07T09:00:00.000000000Z,EUR_USD,1.08779,1.08888,1.087,1.08804,1.0884930303030302,1.0884930303030302,1.0884930303030302,1.0884930303030302,1.0884930303030302,1.0884930303030302
3878,2023-07-07T10:00:00.000000000Z,EUR_USD,1.08802,1.08964,1.08779,1.08924,1.088510202020202,1.088510202020202,1.088510202020202,1.088510202020202,1.088510202020202,1.088510202020202
3879,2023-07-07T11:00:00.000000000Z,EUR_USD,1.08925,1.08972,1.08876,1.08876,1.088511414141414,1.088511414141414,1.088511414141414,1.088511414141414,1.088511414141414,1.088511414141414
3880,2023-07-07T12:00:00.000000000Z,EUR_USD,1.08879,1.09316,1.08746,1.09117,1.0885332323232324,1.0885332323232324,1.0885332323232324,1.0885332323232324,1.0885332323232324,1.0885332323232324
3881,2023-07-07T13:00:00.000000000Z,EUR_USD,1.09118,1.0925,1.08953,1.09164,1.0885576767676768,1.0885576767676768,1.0885576767676768,1.0885576767676768,1.0885576767676768,1.0885576767676768
3882,2023-07-07T14:00:00.000000000Z,EUR_USD,1.09165,1.09541,1.09097,1.0949,1.08860797979798,1.08860797979798,1.08860797979798,1.08860797979798,1.08860797979798,1.08860797979798
3883,2023-07-07T15:00:00.000000000Z,EUR_USD,1.09488,1.09635,1.09446,1.09631,1.0886628282828283,1.0886628282828283,1.0886628282828283,1.0886628282828283,1.0886628282828283,1.0886628282828283
3884,2023-07-07T16:00:00.000000000Z,EUR_USD,1.09632,1.09728,1.0963,1.09719,1.0887219191919193,1.0887219191919193,1.0887219191919193,1.0887219191919193,1.0887219191919193,1.0887219191919193
3885,2023-07-07T17:00:00.000000000Z,EUR_USD,1.09718,1.09733,1.09664,1.09675,1.0887832323232323,1.0887832323232323,1.0887832323232323,1.0887832323232323,1.0887832323232323,1.0887832323232323
3886,2023-07-07T18:00:00.000000000Z,EUR_USD,1.09677,1.09704,1.09658,1.09673,1.0888329292929293,1.0888329292929293,1.0888329292929293,1.0888329292929293,1.0888329292929293,1.0888329292929293
3887,2023-07-07T19:00:00.000000000Z,EUR_USD,1.09674,1.09698,1.09633,1.09668,1.0888844444444445,1.0888844444444445,1.0888844444444445,1.0888844444444445,1.0888844444444445,1.0888844444444445
3888,2023-07-07T20:00:00.000000000Z,EUR_USD,1.0967,1.09706,1.09651,1.09688,1.0889454545454547,1.0889454545454547,1.0889454545454547,1.0889454545454547,1.0889454545454547,1.0889454545454547
3889,2023-07-09T21:00:00.000000000Z,EUR_USD,1.0961,1.09686,1.09594,1.09659,1.089000101010101,1.089000101010101,1.089000101010101,1.089000101010101,1.089000101010101,1.089000101010101
3890,2023-07-09T22:00:00.000000000Z,EUR_USD,1.0965,1.09698,1.0965,1.09664,1.0890576767676767,1.0890576767676767,1.0890576767676767,1.0890576767676767,1.0890576767676767,1.0890576767676767
3891,2023-07-09T23:00:00.000000000Z,EUR_USD,1.09663,1.09682,1.09624,1.0967,1.089110808080808,1.089110808080808,1.089110808080808,1.089110808080808,1.089110808080808,1.089110808080808
3892,2023-07-10T00:00:00.000000000Z,EUR_USD,1.09671,1.0969,1.0957,1.09644,1.0891640404040404,1.0891640404040404,1.0891640404040404,1.0891640404040404,1.0891640404040404,1.0891640404040404
3893,2023-07-10T01:00:00.000000000Z,EUR_USD,1.09642,1.09695,1.0957,1.09606,1.0892125252525253,1.0892125252525253,1.0892125252525253,1.0892125252525253,1.0892125252525253,1.0892125252525253
3894,2023-07-10T02:00:00.000000000Z,EUR_USD,1.09605,1.09634,1.09564,1.09606,1.089260707070707,1.089260707070707,1.089260707070707,1.089260707070707,1.089260707070707,1.089260707070707
3895,2023-07-10T03:00:00.000000000Z,EUR_USD,1.09608,1.09622,1.09528,1.09559,1.0893072727272728,1.0893072727272728,1.0893072727272728,1.0893072727272728,1.0893072727272728,1.0893072727272728
3896,2023-07-10T04:00:00.000000000Z,EUR_USD,1.0956,1.0958,1.09528,1.09531,1.08935,1.08935,1.08935,1.08935,1.08935,1.08935
3897,2023-07-10T05:00:00.000000000Z,EUR_USD,1.09532,1.09564,1.0946,1.09463,1.089390909090909,1.089390909090909,1.089390909090909,1.089390909090909,1.089390909090909,1.089390909090909
3898,2023-07-10T06:00:00.000000000Z,EUR_USD,1.0946,1.09549,1.09451,1.09505,1.089437373737374,1.089437373737374,1.089437373737374,1.089437373737374,1.089437373737374,1.089437373737374
3899,2023-07-10T07:00:00.000000000Z,EUR_USD,1.09504,1.09656,1.09484,1.09546,1.0894918181818183,1.0894918181818183,1.0894918181818183,1.0894918181818183,1.0894918181818183,1.0894918181818183
3900,2023-07-10T08:00:00.000000000Z,EUR_USD,1.09545,1.09658,1.0953,1.09648,1.0895619191919192,1.0895619191919192,1.0895619191919192,1.0895619191919192,1.0895619191919192,1.0895619191919192
3901,2023-07-10T09:00:00.000000000Z,EUR_USD,1.09647,1.09733,1.0961,1.09619,1.089609494949495,1.089609494949495,1.089609494949495,1.089609494949495,1.089609494949495,1.089609494949495
3902,2023-07-10T10:00:00.000000000Z,EUR_USD,1.0962,1.09653,1.09546,1.09594,1.0896664646464647,1.0896664646464647,1.0896664646464647,1.0896664646464647,1.0896664646464647,1.0896664646464647
3903,2023-07-10T11:00:00.000000000Z,EUR_USD,1.09596,1.09622,1.09533,1.09539,1.0897253535353535,1.0897253535353535,1.0897253535353535,1.0897253535353535,1.0897253535353535,1.0897253535353535
3904,2023-07-10T12:00:00.000000000Z,EUR_USD,1.09542,1.09582,1.09436,1.0947,1.0897744444444444,1.0897744444444444,1.0897744444444444,1.0897744444444444,1.0897744444444444,1.0897744444444444
3905,2023-07-10T13:00:00.000000000Z,EUR_USD,1.09473,1.09713,1.09473,1.0967,1.0898461616161617,1.0898461616161617,1.0898461616161617,1.0898461616161617,1.0898461616161617,1.0898461616161617
3906,2023-07-10T14:00:00.000000000Z,EUR_USD,1.09672,1.09804,1.09665,1.09748,1.0899233333333334,1.0899233333333334,1.0899233333333334,1.0899233333333334,1.0899233333333334,1.0899233333333334
3907,2023-07-10T15:00:00.000000000Z,EUR_USD,1.0975,1.09928,1.0975,1.099,1.0900134343434345,1.0900134343434345,1.0900134343434345,1.0900134343434345,1.0900134343434345,1.0900134343434345
3908,2023-07-10T16:00:00.000000000Z,EUR_USD,1.09901,1.09914,1.09826,1.09894,1.0901039393939393,1.0901039393939393,1.0901039393939393,1.0901039393939393,1.0901039393939393,1.0901039393939393
3909,2023-07-10T17:00:00.000000000Z,EUR_USD,1.09892,1.09968,1.09874,1.09952,1.0901980808080807,1.0901980808080807,1.0901980808080807,1.0901980808080807,1.0901980808080807,1.0901980808080807
3910,2023-07-10T18:00:00.000000000Z,EUR_USD,1.09954,1.09994,1.09913,1.0999,1.0902969696969698,1.0902969696969698,1.0902969696969698,1.0902969696969698,1.0902969696969698,1.0902969696969698
3911,2023-07-10T19:00:00.000000000Z,EUR_USD,1.09991,1.10005,1.09964,1.0998,1.0904015151515152,1.0904015151515152,1.0904015151515152,1.0904015151515152,1.0904015151515152,1.0904015151515152
3912,2023-07-10T20:00:00.000000000Z,EUR_USD,1.09983,1.10016,1.0997,1.10012,1.090509797979798,1.090509797979798,1.090509797979798,1.090509797979798,1.090509797979798,1.090509797979798
3913,2023-07-10T21:00:00.000000000Z,EUR_USD,1.10016,1.10018,1.09966,1.10004,1.0906240404040404,1.0906240404040404,1.0906240404040404,1.0906240404040404,1.0906240404040404,1.0906240404040404
3914,2023-07-10T22:00:00.000000000Z,EUR_USD,1.10004,1.1003,1.09996,1.10015,1.0907431313131313,1.0907431313131313,1.0907431313131313,1.0907431313131313,1.0907431313131313,1.0907431313131313
3915,2023-07-10T23:00:00.000000000Z,EUR_USD,1.10016,1.1006,1.10014,1.10053,1.090871717171717,1.090871717171717,1.090871717171717,1.090871717171717,1.090871717171717,1.090871717171717
3916,2023-07-11T00:00:00.000000000Z,EUR_USD,1.10056,1.10088,1.10015,1.10068,1.0910005050505052,1.0910005050505052,1.0910005050505052,1.0910005050505052,1.0910005050505052,1.0910005050505052
3917,2023-07-11T01:00:00.000000000Z,EUR_USD,1.10067,1.10132,1.10058,1.10096,1.0911308080808082,1.0911308080808082,1.0911308080808082,1.0911308080808082,1.0911308080808082,1.0911308080808082
3918,2023-07-11T02:00:00.000000000Z,EUR_USD,1.10096,1.10202,1.10062,1.1019,1.091268787878788,1.091268787878788,1.091268787878788,1.091268787878788,1.091268787878788,1.091268787878788
3919,2023-07-11T03:00:00.000000000Z,EUR_USD,1.10188,1.10194,1.10121,1.10176,1.0914010101010103,1.0914010101010103,1.0914010101010103,1.0914010101010103,1.0914010101010103,1.0914010101010103
3920,2023-07-11T04:00:00.000000000Z,EUR_USD,1.10174,1.10203,1.10152,1.102,1.0915454545454544,1.0915454545454544,1.0915454545454544,1.0915454545454544,1.0915454545454544,1.0915454545454544
3921,2023-07-11T05:00:00.000000000Z,EUR_USD,1.10197,1.10223,1.10061,1.10072,1.0916757575757576,1.0916757575757576,1.0916757575757576,1.0916757575757576,1.0916757575757576,1.0916757575757576
3922,2023-07-11T06:00:00.000000000Z,EUR_USD,1.10075,1.10274,1.10073,1.10214,1.09182101010101,1.09182101010101,1.09182101010101,1.09182101010101,1.09182101010101,1.09182101010101
3923,2023-07-11T07:00:00.000000000Z,EUR_USD,1.10214,1.1023,1.10076,1.10082,1.0919547474747473,1.0919547474747473,1.0919547474747473,1.0919547474747473,1.0919547474747473,1.0919547474747473
3924,2023-07-11T08:00:00.000000000Z,EUR_USD,1.10081,1.10156,1.10022,1.10028,1.092077373737374,1.092077373737374,1.092077373737374,1.092077373737374,1.092077373737374,1.092077373737374
3925,2023-07-11T09:00:00.000000000Z,EUR_USD,1.10028,1.10087,1.09972,1.10064,1.0922024242424242,1.0922024242424242,1.0922024242424242,1.0922024242424242,1.0922024242424242,1.0922024242424242
3926,2023-07-11T10:00:00.000000000Z,EUR_USD,1.10065,1.10128,1.1004,1.10061,1.0923229292929293,1.0923229292929293,1.0923229292929293,1.0923229292929293,1.0923229292929293,1.0923229292929293
3927,2023-07-11T11:00:00.000000000Z,EUR_USD,1.10058,1.10064,1.0983,1.0984,1.092419797979798,1.092419797979798,1.092419797979798,1.092419797979798,1.092419797979798,1.092419797979798
3928,2023-07-11T12:00:00.000000000Z,EUR_USD,1.09839,1.09904,1.09769,1.0982,1.0925083838383838,1.0925083838383838,1.0925083838383838,1.0925083838383838,1.0925083838383838,1.0925083838383838
3929,2023-07-11T13:00:00.000000000Z,EUR_USD,1.09818,1.09939,1.09795,1.09872,1.0926184848484848,1.0926184848484848,1.0926184848484848,1.0926184848484848,1.0926184848484848,1.0926184848484848
3930,2023-07-11T14:00:00.000000000Z,EUR_USD,1.09874,1.09936,1.09784,1.09902,1.0927306060606061,1.0927306060606061,1.0927306060606061,1.0927306060606061,1.0927306060606061,1.0927306060606061
3931,2023-07-11T15:00:00.000000000Z,EUR_USD,1.09898,1.09946,1.09863,1.09918,1.092829191919192,1.092829191919192,1.092829191919192,1.092829191919192,1.092829191919192,1.092829191919192
3932,2023-07-11T16:00:00.000000000Z,EUR_USD,1.09922,1.10033,1.0991,1.10026,1.092941313131313,1.092941313131313,1.092941313131313,1.092941313131313,1.092941313131313,1.092941313131313
3933,2023-07-11T17:00:00.000000000Z,EUR_USD,1.10028,1.10093,1.10022,1.10068,1.0930756565656565,1.0930756565656565,1.0930756565656565,1.0930756565656565,1.0930756565656565,1.0930756565656565
3934,2023-07-11T18:00:00.000000000Z,EUR_USD,1.10065,1.10078,1.09976,1.09992,1.0932089898989898,1.0932089898989898,1.0932089898989898,1.0932089898989898,1.0932089898989898,1.0932089898989898
3935,2023-07-11T19:00:00.000000000Z,EUR_USD,1.09995,1.10074,1.09992,1.10061,1.0933557575757575,1.0933557575757575,1.0933557575757575,1.0933557575757575,1.0933557575757575,1.0933557575757575
3936,2023-07-11T20:00:00.000000000Z,EUR_USD,1.10064,1.10088,1.1005,1.10087,1.0935057575757576,1.0935057575757576,1.0935057575757576,1.0935057575757576,1.0935057575757576,1.0935057575757576
3937,2023-07-11T21:00:00.000000000Z,EUR_USD,1.10043,1.10091,1.10034,1.10073,1.09366101010101,1.09366101010101,1.09366101010101,1.09366101010101,1.09366101010101,1.09366101010101
3938,2023-07-11T22:00:00.000000000Z,EUR_USD,1.10078,1.10124,1.10074,1.10122,1.093819595959596,1.093819595959596,1.093819595959596,1.093819595959596,1.093819595959596,1.093819595959596
3939,2023-07-11T23:00:00.000000000Z,EUR_USD,1.10124,1.10146,1.10112,1.10138,1.0939816161616163,1.0939816161616163,1.0939816161616163,1.0939816161616163,1.0939816161616163,1.0939816161616163
3940,2023-07-12T00:00:00.000000000Z,EUR_USD,1.10137,1.10217,1.1012,1.10188,1.0941451515151515,1.0941451515151515,1.0941451515151515,1.0941451515151515,1.0941451515151515,1.0941451515151515
3941,2023-07-12T01:00:00.000000000Z,EUR_USD,1.10188,1.10318,1.10186,1.10272,1.094321111111111,1.094321111111111,1.094321111111111,1.094321111111111,1.094321111111111,1.094321111111111
3942,2023-07-12T02:00:00.000000000Z,EUR_USD,1.10274,1.10338,1.10253,1.10314,1.094498888888889,1.094498888888889,1.094498888888889,1.094498888888889,1.094498888888889,1.094498888888889
3943,2023-07-12T03:00:00.000000000Z,EUR_USD,1.10312,1.10316,1.10266,1.10297,1.094681414141414,1.094681414141414,1.094681414141414,1.094681414141414,1.094681414141414,1.094681414141414
3944,2023-07-12T04:00:00.000000000Z,EUR_USD,1.10298,1.10369,1.10294,1.10364,1.094869595959596,1.094869595959596,1.094869595959596,1.094869595959596,1.094869595959596,1.094869595959596
3945,2023-07-12T05:00:00.000000000Z,EUR_USD,1.10363,1.10364,1.10254,1.1026,1.095050202020202,1.095050202020202,1.095050202020202,1.095050202020202,1.095050202020202,1.095050202020202
3946,2023-07-12T06:00:00.000000000Z,EUR_USD,1.10264,1.10356,1.10206,1.1023,1.0952348484848486,1.0952348484848486,1.0952348484848486,1.0952348484848486,1.0952348484848486,1.0952348484848486
3947,2023-07-12T07:00:00.000000000Z,EUR_USD,1.10229,1.103,1.10218,1.10275,1.0954209090909093,1.0954209090909093,1.0954209090909093,1.0954209090909093,1.0954209090909093,1.0954209090909093
3948,2023-07-12T08:00:00.000000000Z,EUR_USD,1.10274,1.10306,1.10216,1.10223,1.095589595959596,1.095589595959596,1.095589595959596,1.095589595959596,1.095589595959596,1.095589595959596
3949,2023-07-12T09:00:00.000000000Z,EUR_USD,1.1022,1.10281,1.10184,1.10249,1.0957488888888889,1.0957488888888889,1.0957488888888889,1.0957488888888889,1.0957488888888889,1.0957488888888889
3950,2023-07-12T10:00:00.000000000Z,EUR_USD,1.10248,1.10254,1.10186,1.10222,1.0959169696969697,1.0959169696969697,1.0959169696969697,1.0959169696969697,1.0959169696969697,1.0959169696969697
3951,2023-07-12T11:00:00.000000000Z,EUR_USD,1.1022,1.10248,1.10138,1.10149,1.096069292929293,1.096069292929293,1.096069292929293,1.096069292929293,1.096069292929293,1.096069292929293
3952,2023-07-12T12:00:00.000000000Z,EUR_USD,1.1015,1.1072,1.10149,1.10582,1.0962677777777776,1.0962677777777776,1.0962677777777776,1.0962677777777776,1.0962677777777776,1.0962677777777776
3953,2023-07-12T13:00:00.000000000Z,EUR_USD,1.10583,1.11007,1.10564,1.10979,1.09648101010101,1.09648101010101,1.09648101010101,1.09648101010101,1.09648101010101,1.09648101010101
3954,2023-07-12T14:00:00.000000000Z,EUR_USD,1.10973,1.11234,1.10889,1.11204,1.0967082828282828,1.0967082828282828,1.0967082828282828,1.0967082828282828,1.0967082828282828,1.0967082828282828
3955,2023-07-12T15:00:00.000000000Z,EUR_USD,1.11205,1.11254,1.11108,1.11222,1.09695898989899,1.09695898989899,1.09695898989899,1.09695898989899,1.09695898989899,1.09695898989899
3956,2023-07-12T16:00:00.000000000Z,EUR_USD,1.11219,1.11335,1.11206,1.11321,1.097210202020202,1.097210202020202,1.097210202020202,1.097210202020202,1.097210202020202,1.097210202020202
3957,2023-07-12T17:00:00.000000000Z,EUR_USD,1.11317,1.11328,1.11247,1.11298,1.0974744444444446,1.0974744444444446,1.0974744444444446,1.0974744444444446,1.0974744444444446,1.0974744444444446
3958,2023-07-12T18:00:00.000000000Z,EUR_USD,1.113,1.11401,1.11278,1.11383,1.0977428282828283,1.0977428282828283,1.0977428282828283,1.0977428282828283,1.0977428282828283,1.0977428282828283
3959,2023-07-12T19:00:00.000000000Z,EUR_USD,1.11384,1.11405,1.11334,1.1137,1.0980098989898992,1.0980098989898992,1.0980098989898992,1.0980098989898992,1.0980098989898992,1.0980098989898992
3960,2023-07-12T20:00:00.000000000Z,EUR_USD,1.1137,1.11381,1.11307,1.11316,1.0982620202020204,1.0982620202020204,1.0982620202020204,1.0982620202020204,1.0982620202020204,1.0982620202020204
3961,2023-07-12T21:00:00.000000000Z,EUR_USD,1.11329,1.11347,1.11281,1.11295,1.0985132323232323,1.0985132323232323,1.0985132323232323,1.0985132323232323,1.0985132323232323,1.0985132323232323
3962,2023-07-12T22:00:00.000000000Z,EUR_USD,1.113,1.11372,1.11295,1.11354,1.0987628282828283,1.0987628282828283,1.0987628282828283,1.0987628282828283,1.0987628282828283,1.0987628282828283
3963,2023-07-12T23:00:00.000000000Z,EUR_USD,1.11354,1.11408,1.11343,1.11408,1.0990140404040405,1.0990140404040405,1.0990140404040405,1.0990140404040405,1.0990140404040405,1.0990140404040405
3964,2023-07-13T00:00:00.000000000Z,EUR_USD,1.11408,1.11452,1.11379,1.11384,1.0992655555555555,1.0992655555555555,1.0992655555555555,1.0992655555555555,1.0992655555555555,1.0992655555555555
3965,2023-07-13T01:00:00.000000000Z,EUR_USD,1.11386,1.11457,1.11364,1.11451,1.0995218181818183,1.0995218181818183,1.0995218181818183,1.0995218181818183,1.0995218181818183,1.0995218181818183
3966,2023-07-13T02:00:00.000000000Z,EUR_USD,1.11453,1.11478,1.11394,1.11462,1.0997810101010101,1.0997810101010101,1.0997810101010101,1.0997810101010101,1.0997810101010101,1.0997810101010101
3967,2023-07-13T03:00:00.000000000Z,EUR_USD,1.1146,1.11489,1.11424,1.11457,1.1000441414141415,1.1000441414141415,1.1000441414141415,1.1000441414141415,1.1000441414141415,1.1000441414141415
3968,2023-07-13T04:00:00.000000000Z,EUR_USD,1.11457,1.11486,1.11407,1.1141,1.1003007070707072,1.1003007070707072,1.1003007070707072,1.1003007070707072,1.1003007070707072,1.1003007070707072
3969,2023-07-13T05:00:00.000000000Z,EUR_USD,1.1141,1.11434,1.11299,1.11312,1.1005482828282829,1.1005482828282829,1.1005482828282829,1.1005482828282829,1.1005482828282829,1.1005482828282829
3970,2023-07-13T06:00:00.000000000Z,EUR_USD,1.1131,1.11501,1.11309,1.11486,1.100811717171717,1.100811717171717,1.100811717171717,1.100811717171717,1.100811717171717,1.100811717171717
3971,2023-07-13T07:00:00.000000000Z,EUR_USD,1.11485,1.11578,1.11363,1.11554,1.1010785858585859,1.1010785858585859,1.1010785858585859,1.1010785858585859,1.1010785858585859,1.1010785858585859
3972,2023-07-13T08:00:00.000000000Z,EUR_USD,1.11549,1.11702,1.11503,1.1161,1.1013549494949495,1.1013549494949495,1.1013549494949495,1.1013549494949495,1.1013549494949495,1.1013549494949495
3973,2023-07-13T09:00:00.000000000Z,EUR_USD,1.1161,1.11746,1.11551,1.1173,1.1016477777777778,1.1016477777777778,1.1016477777777778,1.1016477777777778,1.1016477777777778,1.1016477777777778
3974,2023-07-13T10:00:00.000000000Z,EUR_USD,1.11728,1.11736,1.11596,1.11714,1.1019459595959595,1.1019459595959595,1.1019459595959595,1.1019459595959595,1.1019459595959595,1.1019459595959595
3975,2023-07-13T11:00:00.000000000Z,EUR_USD,1.11716,1.1178,1.11684,1.11744,1.1022453535353534,1.1022453535353534,1.1022453535353534,1.1022453535353534,1.1022453535353534,1.1022453535353534
3976,2023-07-13T12:00:00.000000000Z,EUR_USD,1.11746,1.11906,1.11616,1.11798,1.102547777777778,1.102547777777778,1.102547777777778,1.102547777777778,1.102547777777778,1.102547777777778
3977,2023-07-13T13:00:00.000000000Z,EUR_USD,1.11799,1.11952,1.11763,1.11942,1.1028526262626264,1.1028526262626264,1.1028526262626264,1.1028526262626264,1.1028526262626264,1.1028526262626264
3978,2023-07-13T14:00:00.000000000Z,EUR_USD,1.11944,1.11962,1.11807,1.1196,1.1031641414141415,1.1031641414141415,1.1031641414141415,1.1031641414141415,1.1031641414141415,1.1031641414141415
3979,2023-07-13T15:00:00.000000000Z,EUR_USD,1.11959,1.11966,1.11858,1.11929,1.1034481818181818,1.1034481818181818,1.1034481818181818,1.1034481818181818,1.1034481818181818,1.1034481818181818
3980,2023-07-13T16:00:00.000000000Z,EUR_USD,1.11928,1.12092,1.11919,1.12058,1.1037405050505051,1.1037405050505051,1.1037405050505051,1.1037405050505051,1.1037405050505051,1.1037405050505051
3981,2023-07-13T17:00:00.000000000Z,EUR_USD,1.12059,1.12186,1.12022,1.12157,1.104009898989899,1.104009898989899,1.104009898989899,1.104009898989899,1.104009898989899,1.104009898989899
3982,2023-07-13T18:00:00.000000000Z,EUR_USD,1.12156,1.12228,1.1213,1.12224,1.1042718181818183,1.1042718181818183,1.1042718181818183,1.1042718181818183,1.1042718181818183,1.1042718181818183
3983,2023-07-13T19:00:00.000000000Z,EUR_USD,1.12224,1.12275,1.12195,1.12264,1.104528888888889,1.104528888888889,1.104528888888889,1.104528888888889,1.104528888888889,1.104528888888889
3984,2023-07-13T20:00:00.000000000Z,EUR_USD,1.12263,1.1228,1.12242,1.12264,1.104790404040404,1.104790404040404,1.104790404040404,1.104790404040404,1.104790404040404,1.104790404040404
3985,2023-07-13T21:00:00.000000000Z,EUR_USD,1.12153,1.12262,1.12142,1.12252,1.105050909090909,1.105050909090909,1.105050909090909,1.105050909090909,1.105050909090909,1.105050909090909
3986,2023-07-13T22:00:00.000000000Z,EUR_USD,1.12252,1.12298,1.1224,1.12247,1.105311414141414,1.105311414141414,1.105311414141414,1.105311414141414,1.105311414141414,1.105311414141414
3987,2023-07-13T23:00:00.000000000Z,EUR_USD,1.12247,1.1228,1.12217,1.12234,1.1055685858585858,1.1055685858585858,1.1055685858585858,1.1055685858585858,1.1055685858585858,1.1055685858585858
3988,2023-07-14T00:00:00.000000000Z,EUR_USD,1.12236,1.12248,1.12135,1.12228,1.1058280808080807,1.1058280808080807,1.1058280808080807,1.1058280808080807,1.1058280808080807,1.1058280808080807
3989,2023-07-14T01:00:00.000000000Z,EUR_USD,1.12229,1.12338,1.12223,1.1233,1.1060973737373736,1.1060973737373736,1.1060973737373736,1.1060973737373736,1.1060973737373736,1.1060973737373736
3990,2023-07-14T02:00:00.000000000Z,EUR_USD,1.1233,1.12386,1.12314,1.12354,1.1063684848484847,1.1063684848484847,1.1063684848484847,1.1063684848484847,1.1063684848484847,1.1063684848484847
3991,2023-07-14T03:00:00.000000000Z,EUR_USD,1.12356,1.12432,1.12337,1.12414,1.1066482828282826,1.1066482828282826,1.1066482828282826,1.1066482828282826,1.1066482828282826,1.1066482828282826
3992,2023-07-14T04:00:00.000000000Z,EUR_USD,1.12412,1.12412,1.12328,1.1233,1.1069234343434344,1.1069234343434344,1.1069234343434344,1.1069234343434344,1.1069234343434344,1.1069234343434344
3993,2023-07-14T05:00:00.000000000Z,EUR_USD,1.12332,1.12354,1.12184,1.12193,1.1071847474747476,1.1071847474747476,1.1071847474747476,1.1071847474747476,1.1071847474747476,1.1071847474747476
3994,2023-07-14T06:00:00.000000000Z,EUR_USD,1.12199,1.12258,1.12057,1.12102,1.1074416161616163,1.1074416161616163,1.1074416161616163,1.1074416161616163,1.1074416161616163,1.1074416161616163
3995,2023-07-14T07:00:00.000000000Z,EUR_USD,1.12102,1.12218,1.12041,1.12218,1.1077130303030303,1.1077130303030303,1.1077130303030303,1.1077130303030303,1.1077130303030303,1.1077130303030303
3996,2023-07-14T08:00:00.000000000Z,EUR_USD,1.12217,1.12361,1.12214,1.12312,1.1080008080808081,1.1080008080808081,1.1080008080808081,1.1080008080808081,1.1080008080808081,1.1080008080808081
3997,2023-07-14T09:00:00.000000000Z,EUR_USD,1.12312,1.12451,1.12263,1.12266,1.1082796969696969,1.1082796969696969,1.1082796969696969,1.1082796969696969,1.1082796969696969,1.1082796969696969
3998,2023-07-14T10:00:00.000000000Z,EUR_USD,1.12268,1.12268,1.12155,1.12204,1.1085481818181817,1.1085481818181817,1.1085481818181817,1.1085481818181817,1.1085481818181817,1.1085481818181817
